order_id,customer_id,order_date,order_amount,payment_id,payment_date,payment_amount,payment_method,payment_status,payment_count,settlement_id,settlement_reference,settlement_date,settlement_amount,fee,adjustment,settlement_status,settlement_count,adjustment_type,adjustment_reason,settlement_note,refund_amount,refund_status,scenario
ORD000001,CUST0011,2026-08-14,2999,PAY000001,2026-08-14,2999.0,Netbanking,Success,1,SET000001,STLREF-440665,2026-08-15,2573.02,44.98,0.0,Settled,1,None,None,No additional deductions recorded.,0.0,None,unexplainable_settlement_mismatch
ORD000002,CUST0055,2026-08-10,1999,PAY000002,2026-08-11,1999.0,Card,Success,1,SET000002,STLREF-432122,2026-08-12,1959.02,39.98,0.0,Settled,1,None,None,No additional deductions recorded.,0.0,None,normal
ORD000003,CUST0143,2026-08-14,3999,PAY000003,2026-08-15,3999.0,Netbanking,Success,1,SET000003,STLREF-493158,2026-08-16,3939.02,59.98,0.0,Settled,1,None,None,No additional deductions recorded.,0.0,None,normal
ORD000004,CUST0246,2026-08-27,1999,PAY000004,2026-08-27,1999.0,Wallet,Success,1,SET000004,STLREF-413178,2026-08-28,1963.02,35.98,0.0,Settled,1,None,None,No additional deductions recorded.,0.0,None,normal
ORD000005,CUST0141,2026-08-08,1999,PAY000005,2026-08-08,1999.0,Wallet,Success,1,SET000005,STLREF-252574,2026-08-09,1963.02,35.98,0.0,Settled,1,None,None,Settlement processed after standard payment processing fee.,0.0,None,processing_fee
ORD000006,CUST0132,2026-08-29,499,PAY000006,2026-08-30,499.0,Card,Success,1,SET000006,STLREF-270908,2026-09-03,489.02,9.98,0.0,Settled,1,None,None,Settlement processed after the standard settlement window.,0.0,None,delayed_settlement
ORD000007,CUST0040,2026-08-15,9999,PAY000007,2026-08-16,9999.0,Wallet,Success,1,SET000007,STLREF-471966,2026-08-17,9819.02,179.98,0.0,Settled,1,None,None,No additional deductions recorded.,0.0,None,normal
ORD000008,CUST0216,2026-08-17,499,PAY000008,2026-08-17,499.0,Netbanking,Success,1,,,,,0.0,0.0,Missing,1,None,None,No settlement record available.,0.0,None,missing_settlement
ORD000009,CUST0123,2026-08-02,7147,PAY000009,2026-08-03,7147.0,Wallet,Success,1,SET000009,STLREF-124915,2026-08-04,7018.35,128.65,0.0,Settled,1,None,None,No additional deductions recorded.,0.0,None,normal
ORD000010,CUST0275,2026-08-13,3999,PAY000010,2026-08-13,3999.0,Netbanking,Success,1,SET000010,STLREF-815467,2026-08-14,3810.02,59.98,0.0,Settled,1,None,None,No additional deductions recorded.,0.0,None,unexplainable_settlement_mismatch
ORD000011,CUST0130,2026-08-29,5999,PAY000011,2026-08-30,5999.0,Wallet,Success,1,SET000011,STLREF-288335,2026-08-31,5891.02,107.98,0.0,Settled,1,None,None,No additional deductions recorded.,0.0,None,normal
ORD000012,CUST0094,2026-08-15,2999,PAY000012,2026-08-15,2999.0,UPI,Success,1,SET000012,STLREF-261335,2026-08-16,2969.01,29.99,0.0,Settled,1,None,None,No additional deductions recorded.,0.0,None,normal
ORD000013,CUST0229,2026-08-18,2499,PAY000013,2026-08-19,2499.0,UPI,Success,1,SET000013,STLREF-150370,2026-08-20,2474.01,24.99,0.0,Settled,1,None,None,No additional deductions recorded.,0.0,None,normal
ORD000014,CUST0124,2026-08-25,14641,PAY000014,2026-08-25,14641.0,Netbanking,Success,1,SET000014,STLREF-310497,2026-08-26,14421.39,219.61,0.0,Settled,1,None,None,No additional deductions recorded.,0.0,None,normal
ORD000015,CUST0086,2026-08-13,799,PAY000015,2026-08-13,799.0,UPI,Success,1,SET000015,STLREF-861674,2026-08-14,791.01,7.99,0.0,Settled,1,None,None,No additional deductions recorded.,0.0,None,normal
ORD000016,CUST0171,2026-08-12,799,PAY000016,2026-08-12,799.0,Netbanking,Success,1,SET000016,STLREF-514719,2026-08-13,787.02,11.98,0.0,Settled,1,None,None,No additional deductions recorded.,0.0,None,normal
ORD000017,CUST0029,2026-08-05,1203,PAY000017,2026-08-06,1203.0,Wallet,Success,1,,,,,0.0,0.0,Missing,1,None,None,No settlement record available.,0.0,None,missing_settlement
ORD000018,CUST0148,2026-08-01,7499,PAY000018,2026-08-02,7499.0,UPI,Success,1,SET000018,STLREF-117742,2026-08-03,7424.01,74.99,0.0,Settled,1,None,None,No additional deductions recorded.,0.0,None,normal
ORD000019,CUST0012,2026-08-03,1999,PAY000019,2026-08-03,1999.0,Netbanking,Success,1,SET000019,STLREF-160395,2026-08-04,1830.02,29.98,0.0,Settled,1,Manual Deduction,Settlement processing deduction,Manual deduction of INR 139.00 applied during settlement processing.,0.0,None,explainable_settlement_mismatch
ORD000020,CUST0171,2026-08-01,4999,PAY000020,2026-08-02,4999.0,Netbanking,Success,1,SET000020,STLREF-241806,2026-08-03,4924.02,74.98,0.0,Settled,1,None,None,Settlement processed after standard payment processing fee.,0.0,None,processing_fee
ORD000021,CUST0166,2026-08-17,3999,PAY000021,2026-08-17,3999.0,Card,Success,1,SET000021,STLREF-751419,2026-08-18,3919.02,79.98,0.0,Settled,1,None,None,No additional deductions recorded.,0.0,None,normal
ORD000022,CUST0125,2026-08-08,13444,PAY000022,2026-08-09,13444.0,Card,Success,1,SET000022,STLREF-684852,2026-08-10,13003.12,268.88,0.0,Settled,1,Manual Deduction,Settlement processing deduction,Manual deduction of INR 172.00 applied during settlement processing.,0.0,None,explainable_settlement_mismatch
ORD000023,CUST0235,2026-08-20,12662,PAY000023,2026-08-21,12662.0,Wallet,Success,1,SET000023,STLREF-560770,2026-08-22,12434.08,227.92,0.0,Settled,1,None,None,No additional deductions recorded.,0.0,None,normal
ORD000024,CUST0075,2026-08-09,499,PAY000024,2026-08-10,499.0,Netbanking,Success,1,SET000024,STLREF-857614,2026-08-11,354.52,7.48,0.0,Settled,1,Manual Deduction,Settlement processing deduction,Manual deduction of INR 137.00 applied during settlement processing.,0.0,None,explainable_settlement_mismatch
ORD000025,CUST0011,2026-08-05,9999,PAY000025,2026-08-05,9999.0,UPI,Failed,1,,,,,0.0,0.0,Not Applicable,1,None,None,Payment failed. No settlement expected.,0.0,None,failed_payment
ORD000026,CUST0272,2026-08-04,4999,PAY000026,2026-08-05,4999.0,Card,Success,1,SET000026,STLREF-459047,2026-08-06,4368.02,99.98,0.0,Settled,1,None,None,No additional deductions recorded.,0.0,None,unexplainable_settlement_mismatch
ORD000027,CUST0203,2026-08-04,799,PAY000027,2026-08-04,799.0,UPI,Success,1,SET000027,STLREF-504900,2026-08-05,791.01,7.99,0.0,Settled,1,None,None,No additional deductions recorded.,0.0,None,normal
ORD000028,CUST0060,2026-08-18,999,PAY000028,2026-08-18,868.11,Card,Success,1,SET000028,STLREF-487056,2026-08-19,850.75,17.36,0.0,Settled,1,None,None,Settlement amount calculated from recorded payment amount.,0.0,None,payment_amount_mismatch
ORD000029,CUST0092,2026-08-23,13753,PAY000029,2026-08-23,13753.0,UPI,Success,1,,,,,0.0,0.0,Missing,1,None,None,No settlement record available.,0.0,None,missing_settlement
ORD000030,CUST0109,2026-08-10,1499,PAY000030,2026-08-11,1499.0,UPI,Success,1,SET000030,STLREF-601429,2026-08-12,1484.01,14.99,0.0,Settled,1,None,None,No additional deductions recorded.,0.0,None,normal
ORD000031,CUST0096,2026-08-28,9999,PAY000031,2026-08-28,9999.0,Card,Success,1,SET000031,STLREF-550603,2026-08-29,9799.02,199.98,0.0,Settled,1,None,None,No additional deductions recorded.,0.0,None,normal
ORD000032,CUST0288,2026-08-06,5999,PAY000032,2026-08-07,5077.35,Netbanking,Success,1,SET000032,STLREF-362479,2026-08-08,5001.19,76.16,0.0,Settled,1,None,None,Settlement amount calculated from recorded payment amount.,0.0,None,payment_amount_mismatch
ORD000033,CUST0041,2026-08-05,999,PAY000033,2026-08-06,999.0,Wallet,Success,1,SET000033,STLREF-952697,2026-08-07,981.02,17.98,0.0,Settled,1,None,None,Settlement processed after standard payment processing fee.,0.0,None,processing_fee
ORD000034,CUST0161,2026-08-09,799,PAY000034,2026-08-10,799.0,UPI,Success,1,SET000034,STLREF-382931,2026-08-11,791.01,7.99,0.0,Settled,1,None,None,No additional deductions recorded.,0.0,None,normal
ORD000035,CUST0213,2026-08-18,9249,PAY000035,2026-08-19,9249.0,Wallet,Success,1,SET000035,STLREF-248811,2026-08-20,9082.52,166.48,0.0,Settled,1,None,None,No additional deductions recorded.,0.0,None,normal
ORD000036,CUST0189,2026-08-03,1999,PAY000036,2026-08-03,1999.0,Netbanking,Success,1,SET000036,STLREF-855304,2026-08-04,1969.02,29.98,0.0,Settled,1,None,None,No additional deductions recorded.,0.0,None,normal
ORD000037,CUST0109,2026-08-16,3999,PAY000037,2026-08-16,3999.0,Wallet,Success,2,SET000037,STLREF-381843,2026-08-17,3927.02,71.98,0.0,Settled,1,None,None,Multiple successful payment records are associated with this order.,0.0,None,duplicate_payment
ORD000038,CUST0010,2026-08-22,1859,PAY000038,2026-08-22,1859.0,Wallet,Success,1,SET000038,STLREF-934423,2026-08-23,1642.54,33.46,0.0,Settled,1,None,None,Manual deduction of INR 183.00 applied during settlement processing.,0.0,None,conflicting_settlement_evidence
ORD000039,CUST0002,2026-08-21,484,PAY000039,2026-08-21,484.0,UPI,Success,1,SET000039,STLREF-572228,2026-08-22,479.16,4.84,0.0,Settled,2,None,None,Multiple settlement records are associated with this payment.,0.0,None,duplicate_settlement
ORD000040,CUST0212,2026-08-05,799,PAY000040,2026-08-06,799.0,Netbanking,Success,1,SET000040,STLREF-996250,2026-08-07,787.02,11.98,0.0,Settled,1,None,None,No additional deductions recorded.,0.0,None,normal
ORD000041,CUST0222,2026-08-05,10092,PAY000041,2026-08-06,10092.0,Wallet,Success,1,,,,,0.0,0.0,Missing,1,None,None,No settlement record available.,0.0,None,missing_settlement
ORD000042,CUST0299,2026-08-12,13050,PAY000042,2026-08-13,13050.0,Wallet,Success,1,SET000042,STLREF-267669,2026-08-14,12815.1,234.9,0.0,Settled,1,None,None,Settlement processed after standard payment processing fee.,0.0,None,processing_fee
ORD000043,CUST0269,2026-08-26,14688,PAY000043,2026-08-26,14688.0,UPI,Success,1,SET000043,STLREF-740934,2026-08-27,14436.12,146.88,0.0,Settled,1,None,None,No additional deductions recorded.,0.0,None,unexplainable_settlement_mismatch
ORD000044,CUST0142,2026-08-23,1999,PAY000044,2026-08-23,1999.0,Card,Success,1,SET000044,STLREF-376680,2026-08-24,1959.02,39.98,0.0,Settled,1,None,None,No additional deductions recorded.,0.0,None,normal
ORD000045,CUST0207,2026-08-27,5999,PAY000045,2026-08-27,5999.0,Netbanking,Success,1,SET000045,STLREF-772059,2026-08-28,5794.02,89.98,0.0,Settled,1,Manual Deduction,Settlement processing deduction,Manual deduction of INR 115.00 applied during settlement processing.,0.0,None,explainable_settlement_mismatch
ORD000046,CUST0060,2026-08-08,7499,PAY000046,2026-08-08,7499.0,Card,Success,1,SET000046,STLREF-742243,2026-08-15,7349.02,149.98,0.0,Settled,1,None,None,Settlement processed after the standard settlement window.,0.0,None,delayed_settlement
ORD000047,CUST0041,2026-08-11,5999,PAY000047,2026-08-12,5999.0,UPI,Success,1,SET000047,STLREF-376264,2026-08-13,5939.01,59.99,0.0,Settled,1,None,None,No additional deductions recorded.,0.0,None,normal
ORD000048,CUST0220,2026-08-21,799,PAY000048,2026-08-21,799.0,Card,Success,1,SET000048,STLREF-564220,2026-08-22,783.02,15.98,0.0,Settled,1,None,None,No additional deductions recorded.,0.0,None,normal
ORD000049,CUST0034,2026-08-19,799,PAY000049,2026-08-20,677.77,Netbanking,Success,1,SET000049,STLREF-638670,2026-08-21,667.6,10.17,0.0,Settled,1,None,None,Settlement amount calculated from recorded payment amount.,0.0,None,payment_amount_mismatch
ORD000050,CUST0099,2026-08-06,3999,PAY000050,2026-08-07,3999.0,UPI,Success,1,SET000050,STLREF-994305,2026-08-08,3959.01,39.99,0.0,Settled,1,None,None,No additional deductions recorded.,0.0,None,normal
ORD000051,CUST0057,2026-08-30,6927,PAY000051,2026-08-31,6927.0,UPI,Success,1,SET000051,STLREF-538558,2026-09-01,6857.73,69.27,0.0,Settled,1,None,None,No additional deductions recorded.,0.0,None,normal
ORD000052,CUST0291,2026-08-13,9999,PAY000052,2026-08-13,9999.0,UPI,Success,1,SET000052,STLREF-830786,2026-08-14,9899.01,99.99,0.0,Settled,1,None,None,Settlement processed after standard payment processing fee.,0.0,None,processing_fee
ORD000053,CUST0065,2026-08-09,9906,PAY000053,2026-08-09,9906.0,Card,Success,1,SET000053,STLREF-316122,2026-08-10,9707.88,198.12,0.0,Settled,1,None,None,Settlement processed after standard payment processing fee.,0.0,None,processing_fee
ORD000054,CUST0050,2026-08-31,1499,PAY000054,2026-09-01,1499.0,Netbanking,Success,1,SET000054,STLREF-502553,2026-09-02,1476.52,22.48,0.0,Settled,1,None,None,No additional deductions recorded.,0.0,None,normal
ORD000055,CUST0001,2026-08-25,4999,PAY000055,2026-08-26,4999.0,Netbanking,Success,1,SET000055,STLREF-455503,2026-08-27,4924.02,74.98,0.0,Settled,1,None,None,No additional deductions recorded.,0.0,None,normal
ORD000056,CUST0275,2026-08-10,3999,PAY000056,2026-08-10,3999.0,Netbanking,Success,1,SET000056,STLREF-683785,2026-08-11,3939.02,59.98,0.0,Settled,1,None,None,No additional deductions recorded.,0.0,None,normal
ORD000057,CUST0061,2026-08-14,4999,PAY000057,2026-08-14,4999.0,Wallet,Failed,1,,,,,0.0,0.0,Not Applicable,1,None,None,Payment failed. No settlement expected.,0.0,None,failed_payment
ORD000058,CUST0003,2026-08-31,2999,PAY000058,2026-08-31,2999.0,Card,Success,1,SET000058,STLREF-186112,2026-09-01,2939.02,59.98,0.0,Settled,1,None,None,No additional deductions recorded.,0.0,None,normal
ORD000059,CUST0190,2026-08-28,999,PAY000059,2026-08-29,999.0,Netbanking,Success,1,SET000059,STLREF-137278,2026-08-30,984.02,14.98,0.0,Settled,1,None,None,No additional deductions recorded.,0.0,None,normal
ORD000060,CUST0029,2026-08-01,1646,PAY000060,2026-08-01,1646.0,UPI,Success,1,SET000060,STLREF-479124,2026-08-02,1629.54,16.46,0.0,Settled,1,None,None,No additional deductions recorded.,0.0,None,normal
ORD000061,CUST0047,2026-08-01,799,PAY000061,2026-08-02,799.0,Wallet,Success,2,SET000061,STLREF-981174,2026-08-03,784.62,14.38,0.0,Settled,1,None,None,Multiple successful payment records are associated with this order.,0.0,None,duplicate_payment
ORD000062,CUST0066,2026-08-29,3999,PAY000062,2026-08-29,3999.0,Card,Success,1,SET000062,STLREF-158783,2026-08-30,3919.02,79.98,0.0,Settled,1,None,None,No additional deductions recorded.,0.0,None,normal
ORD000063,CUST0212,2026-08-27,1499,PAY000063,2026-08-27,1499.0,Netbanking,Success,1,SET000063,STLREF-954404,2026-08-28,1259.52,22.48,0.0,Settled,1,Manual Deduction,Settlement processing deduction,Manual deduction of INR 217.00 applied during settlement processing.,0.0,None,explainable_settlement_mismatch
ORD000064,CUST0106,2026-08-31,999,PAY000064,2026-08-31,999.0,Wallet,Success,1,SET000064,STLREF-349632,2026-09-01,746.02,17.98,0.0,Settled,1,Manual Deduction,Settlement processing deduction,Manual deduction of INR 235.00 applied during settlement processing.,0.0,None,explainable_settlement_mismatch
ORD000065,CUST0219,2026-08-12,5999,PAY000065,2026-08-13,5999.0,Card,Success,1,SET000065,STLREF-776248,2026-08-14,5879.02,119.98,0.0,Settled,1,None,None,No additional deductions recorded.,0.0,None,normal
ORD000066,CUST0004,2026-08-14,7940,PAY000066,2026-08-15,7940.0,Netbanking,Success,1,SET000066,STLREF-347024,2026-08-16,7820.9,119.1,0.0,Settled,1,None,None,No additional deductions recorded.,0.0,None,normal
ORD000067,CUST0285,2026-08-31,799,PAY000067,2026-09-01,799.0,Netbanking,Success,1,SET000067,STLREF-234896,2026-09-02,787.02,11.98,0.0,Settled,1,None,None,No additional deductions recorded.,0.0,None,normal
ORD000068,CUST0040,2026-08-01,1499,PAY000068,2026-08-01,1499.0,Netbanking,Success,1,SET000068,STLREF-448792,2026-08-02,1476.52,22.48,0.0,Settled,1,None,None,No additional deductions recorded.,0.0,None,normal
ORD000069,CUST0128,2026-08-19,1499,PAY000069,2026-08-20,1499.0,Card,Success,1,SET000069,STLREF-647274,2026-08-21,1469.02,29.98,0.0,Settled,1,None,None,No additional deductions recorded.,0.0,None,normal
ORD000070,CUST0133,2026-08-10,7499,PAY000070,2026-08-11,7499.0,Card,Success,1,SET000070,STLREF-703330,2026-08-12,6439.02,149.98,0.0,Settled,1,None,None,Manual deduction of INR 910.00 applied during settlement processing.,0.0,None,conflicting_settlement_evidence
ORD000071,CUST0006,2026-08-06,7974,PAY000071,2026-08-07,7974.0,Netbanking,Success,1,SET000071,STLREF-985971,2026-08-08,7854.39,119.61,0.0,Settled,1,None,None,No additional deductions recorded.,0.0,None,normal
ORD000072,CUST0193,2026-08-27,6881,PAY000072,2026-08-27,5683.33,Netbanking,Success,1,SET000072,STLREF-537940,2026-08-28,5598.08,85.25,0.0,Settled,1,None,None,Settlement amount calculated from recorded payment amount.,0.0,None,payment_amount_mismatch
ORD000073,CUST0034,2026-08-01,7499,PAY000073,2026-08-02,7499.0,UPI,Success,1,SET000073,STLREF-468074,2026-08-03,7424.01,74.99,0.0,Settled,1,None,None,Settlement processed after standard payment processing fee.,0.0,None,processing_fee
ORD000074,CUST0021,2026-08-25,3999,PAY000074,2026-08-26,3999.0,Card,Success,1,SET000074,STLREF-210894,2026-08-27,3919.02,79.98,0.0,Settled,1,None,None,No additional deductions recorded.,0.0,None,normal
ORD000075,CUST0096,2026-08-27,6182,PAY000075,2026-08-28,6182.0,Card,Success,1,SET000075,STLREF-263438,2026-08-29,5378.36,123.64,0.0,Settled,1,Manual Deduction,Settlement processing deduction,Manual deduction of INR 680.00 applied during settlement processing.,0.0,None,explainable_settlement_mismatch
ORD000076,CUST0277,2026-08-24,5999,PAY000076,2026-08-24,5999.0,UPI,Success,1,SET000076,STLREF-365902,2026-08-25,5939.01,59.99,0.0,Settled,1,None,None,No additional deductions recorded.,0.0,None,normal
ORD000077,CUST0077,2026-08-26,1499,PAY000077,2026-08-27,1499.0,UPI,Success,1,SET000077,STLREF-326140,2026-08-28,1484.01,14.99,0.0,Settled,1,None,None,No additional deductions recorded.,0.0,None,normal
ORD000078,CUST0296,2026-08-07,9402,PAY000078,2026-08-07,9402.0,Card,Success,1,SET000078,STLREF-147057,2026-08-08,9213.96,188.04,0.0,Settled,1,None,None,No additional deductions recorded.,0.0,None,normal
ORD000079,CUST0258,2026-08-30,2999,PAY000079,2026-08-31,2999.0,UPI,Success,2,SET000079,STLREF-717974,2026-09-01,2969.01,29.99,0.0,Settled,1,None,None,Multiple successful payment records are associated with this order.,0.0,None,duplicate_payment
ORD000080,CUST0087,2026-08-08,8854,PAY000080,2026-08-08,8854.0,Wallet,Success,1,SET000080,STLREF-928149,2026-08-09,8694.63,159.37,0.0,Settled,1,None,None,No additional deductions recorded.,0.0,None,normal
ORD000081,CUST0165,2026-08-19,499,PAY000081,2026-08-19,499.0,UPI,Success,1,SET000081,STLREF-348953,2026-08-20,494.01,4.99,0.0,Settled,1,None,None,No additional deductions recorded.,0.0,None,normal
ORD000082,CUST0047,2026-08-21,499,PAY000082,2026-08-21,499.0,Card,Success,1,SET000082,STLREF-787314,2026-08-22,489.02,9.98,0.0,Settled,1,None,None,Settlement processed after standard payment processing fee.,0.0,None,processing_fee
ORD000083,CUST0150,2026-08-24,999,PAY000083,2026-08-25,999.0,Card,Success,1,SET000083,STLREF-284666,2026-08-26,979.02,19.98,0.0,Settled,1,None,None,No additional deductions recorded.,0.0,None,normal
ORD000084,CUST0293,2026-08-30,9999,PAY000084,2026-08-31,9999.0,Card,Success,1,,,,,0.0,0.0,Missing,1,None,None,No settlement record available.,0.0,None,missing_settlement
ORD000085,CUST0075,2026-08-25,506,PAY000085,2026-08-26,506.0,UPI,Success,1,,,,,0.0,0.0,Missing,1,None,None,No settlement record available.,0.0,None,missing_settlement
ORD000086,CUST0211,2026-08-24,499,PAY000086,2026-08-24,499.0,UPI,Success,1,SET000086,STLREF-830110,2026-08-25,494.01,4.99,0.0,Settled,1,None,None,No additional deductions recorded.,0.0,None,normal
ORD000087,CUST0203,2026-08-04,799,PAY000087,2026-08-05,799.0,Netbanking,Success,1,SET000087,STLREF-369673,2026-08-06,577.02,11.98,0.0,Settled,1,None,None,No additional deductions recorded.,0.0,None,unexplainable_settlement_mismatch
ORD000088,CUST0057,2026-08-04,1499,PAY000088,2026-08-04,1499.0,Netbanking,Success,1,SET000088,STLREF-161090,2026-08-05,1476.52,22.48,0.0,Settled,1,None,None,No additional deductions recorded.,0.0,None,normal
ORD000089,CUST0092,2026-08-09,6503,PAY000089,2026-08-09,6503.0,UPI,Success,1,SET000089,STLREF-194481,2026-08-10,6437.97,65.03,0.0,Settled,1,None,None,No additional deductions recorded.,0.0,None,normal
ORD000090,CUST0101,2026-08-01,10266,PAY000090,2026-08-01,10266.0,Wallet,Success,1,SET000090,STLREF-986593,2026-08-02,10081.21,184.79,0.0,Settled,1,None,None,No additional deductions recorded.,0.0,None,normal
ORD000091,CUST0177,2026-08-12,5999,PAY000091,2026-08-13,5999.0,UPI,Success,1,SET000091,STLREF-313305,2026-08-14,5939.01,59.99,0.0,Settled,1,None,None,No additional deductions recorded.,0.0,None,normal
ORD000092,CUST0152,2026-08-11,3999,PAY000092,2026-08-11,3999.0,Wallet,Success,1,SET000092,STLREF-978901,2026-08-12,3927.02,71.98,0.0,Settled,1,None,None,No additional deductions recorded.,0.0,None,normal
ORD000093,CUST0261,2026-08-04,9999,PAY000093,2026-08-04,9999.0,Netbanking,Success,1,SET000093,STLREF-890171,2026-08-05,9849.02,149.98,0.0,Settled,1,None,None,No additional deductions recorded.,0.0,None,normal
ORD000094,CUST0257,2026-08-01,9999,PAY000094,2026-08-01,9999.0,Wallet,Success,1,SET000094,STLREF-970471,2026-08-02,9819.02,179.98,0.0,Settled,1,None,None,No additional deductions recorded.,0.0,None,normal
ORD000095,CUST0154,2026-08-14,1999,PAY000095,2026-08-15,1999.0,Wallet,Success,1,SET000095,STLREF-690281,2026-08-16,1963.02,35.98,0.0,Settled,1,None,None,No additional deductions recorded.,0.0,None,normal
ORD000096,CUST0161,2026-08-22,8337,PAY000096,2026-08-22,8337.0,Wallet,Success,1,SET000096,STLREF-151991,2026-08-23,8186.93,150.07,0.0,Settled,1,None,None,No additional deductions recorded.,0.0,None,normal
ORD000097,CUST0223,2026-08-10,13283,PAY000097,2026-08-11,13283.0,Netbanking,Success,1,,,,,0.0,0.0,Missing,1,None,None,No settlement record available.,0.0,None,missing_settlement
ORD000098,CUST0234,2026-08-28,11604,PAY000098,2026-08-29,11604.0,Netbanking,Success,1,SET000098,STLREF-338976,2026-08-30,11429.94,174.06,0.0,Settled,1,None,None,No additional deductions recorded.,0.0,None,normal
ORD000099,CUST0116,2026-08-20,4755,PAY000099,2026-08-21,4755.0,UPI,Success,2,SET000099,STLREF-309068,2026-08-22,4707.45,47.55,0.0,Settled,1,None,None,Multiple successful payment records are associated with this order.,0.0,None,duplicate_payment
ORD000100,CUST0075,2026-08-23,9999,PAY000100,2026-08-24,9199.75,Wallet,Success,1,SET000100,STLREF-763541,2026-08-25,9034.15,165.6,0.0,Settled,1,None,None,Settlement amount calculated from recorded payment amount.,0.0,None,payment_amount_mismatch
ORD000101,CUST0247,2026-08-01,299,PAY000101,2026-08-02,299.0,UPI,Success,1,SET000101,STLREF-472795,2026-08-03,296.01,2.99,0.0,Settled,1,None,None,No additional deductions recorded.,0.0,None,normal
ORD000102,CUST0296,2026-08-25,7499,PAY000102,2026-08-26,7499.0,Wallet,Success,1,SET000102,STLREF-794644,2026-08-27,6470.02,134.98,0.0,Settled,1,Manual Deduction,Settlement processing deduction,Manual deduction of INR 894.00 applied during settlement processing.,0.0,None,explainable_settlement_mismatch
ORD000103,CUST0163,2026-08-29,7904,PAY000103,2026-08-29,7904.0,Netbanking,Success,1,SET000103,STLREF-914972,2026-08-30,7785.44,118.56,0.0,Settled,1,None,None,No additional deductions recorded.,0.0,None,normal
ORD000104,CUST0187,2026-08-08,9999,PAY000104,2026-08-08,9999.0,Netbanking,Success,1,SET000104,STLREF-898257,2026-08-09,9849.02,149.98,0.0,Settled,1,None,None,No additional deductions recorded.,0.0,None,normal
ORD000105,CUST0224,2026-08-02,14206,PAY000105,2026-08-02,14206.0,UPI,Success,1,SET000105,STLREF-920341,2026-08-03,14063.94,142.06,0.0,Settled,1,None,None,No additional deductions recorded.,0.0,None,normal
ORD000106,CUST0002,2026-08-18,2499,PAY000106,2026-08-19,2499.0,Netbanking,Success,1,SET000106,STLREF-814987,2026-08-20,2461.52,37.48,0.0,Settled,1,None,None,No additional deductions recorded.,0.0,None,normal
ORD000107,CUST0272,2026-08-22,12475,PAY000107,2026-08-23,12475.0,Card,Success,1,SET000107,STLREF-269319,2026-08-24,12225.5,249.5,0.0,Settled,1,None,None,No additional deductions recorded.,0.0,None,normal
ORD000108,CUST0223,2026-08-04,1999,PAY000108,2026-08-05,1999.0,Wallet,Success,1,,,,,0.0,0.0,Missing,1,None,None,No settlement record available.,0.0,None,missing_settlement
ORD000109,CUST0171,2026-08-17,13721,PAY000109,2026-08-17,13721.0,Card,Success,1,SET000109,STLREF-669593,2026-08-18,13446.58,274.42,0.0,Settled,1,None,None,No additional deductions recorded.,0.0,None,normal
ORD000110,CUST0193,2026-08-20,5492,PAY000110,2026-08-20,5492.0,Netbanking,Success,1,SET000110,STLREF-364880,2026-08-21,5409.62,82.38,0.0,Settled,1,None,None,No additional deductions recorded.,0.0,None,normal
ORD000111,CUST0031,2026-08-10,2563,PAY000111,2026-08-11,2563.0,Netbanking,Success,1,SET000111,STLREF-526343,2026-08-17,2524.55,38.45,0.0,Settled,1,None,None,Settlement processed after the standard settlement window.,0.0,None,delayed_settlement
ORD000112,CUST0072,2026-08-26,4677,PAY000112,2026-08-26,4677.0,UPI,Success,1,SET000112,STLREF-357422,2026-08-27,4630.23,46.77,0.0,Settled,1,None,None,No additional deductions recorded.,0.0,None,normal
ORD000113,CUST0175,2026-08-05,9999,PAY000113,2026-08-05,9999.0,Card,Success,2,SET000113,STLREF-625153,2026-08-06,9799.02,199.98,0.0,Settled,1,None,None,Multiple successful payment records are associated with this order.,0.0,None,duplicate_payment
ORD000114,CUST0062,2026-08-23,2499,PAY000114,2026-08-23,2104.16,Wallet,Success,1,SET000114,STLREF-393105,2026-08-24,2066.29,37.87,0.0,Settled,1,None,None,Settlement amount calculated from recorded payment amount.,0.0,None,payment_amount_mismatch
ORD000115,CUST0181,2026-08-05,2499,PAY000115,2026-08-06,2499.0,Card,Success,1,SET000115,STLREF-396844,2026-08-07,1887.02,49.98,0.0,Settled,1,Manual Deduction,Settlement processing deduction,Manual deduction of INR 562.00 applied during settlement processing.,0.0,None,explainable_settlement_mismatch
ORD000116,CUST0222,2026-08-15,799,PAY000116,2026-08-16,799.0,Netbanking,Success,2,SET000116,STLREF-539580,2026-08-17,787.02,11.98,0.0,Settled,1,None,None,Multiple successful payment records are associated with this order.,0.0,None,duplicate_payment
ORD000117,CUST0229,2026-08-04,2999,PAY000117,2026-08-04,2999.0,UPI,Success,1,SET000117,STLREF-536736,2026-08-05,2969.01,29.99,0.0,Settled,1,None,None,Settlement processed after standard payment processing fee.,0.0,None,processing_fee
ORD000118,CUST0233,2026-08-22,5999,PAY000118,2026-08-23,5999.0,Wallet,Success,1,SET000118,STLREF-685596,2026-08-24,5891.02,107.98,0.0,Settled,1,None,None,No additional deductions recorded.,0.0,None,normal
ORD000119,CUST0128,2026-08-29,8700,PAY000119,2026-08-30,8700.0,Wallet,Success,1,SET000119,STLREF-590796,2026-08-31,8165.4,156.6,0.0,Settled,1,None,None,No additional deductions recorded.,0.0,None,unexplainable_settlement_mismatch
ORD000120,CUST0280,2026-08-10,4999,PAY000120,2026-08-11,4999.0,Card,Success,1,SET000120,STLREF-685426,2026-08-12,4899.02,99.98,0.0,Settled,1,None,None,No additional deductions recorded.,0.0,None,normal
ORD000121,CUST0198,2026-08-05,1499,PAY000121,2026-08-06,1499.0,Wallet,Success,1,SET000121,STLREF-876905,2026-08-07,1472.02,26.98,0.0,Settled,1,None,None,No additional deductions recorded.,0.0,None,normal
ORD000122,CUST0102,2026-08-18,1421,PAY000122,2026-08-18,1421.0,Wallet,Success,1,SET000122,STLREF-460280,2026-08-19,1395.42,25.58,0.0,Settled,1,None,None,Settlement processed after standard payment processing fee.,0.0,None,processing_fee
ORD000123,CUST0286,2026-08-27,2499,PAY000123,2026-08-28,2200.9,Wallet,Success,1,SET000123,STLREF-776726,2026-08-29,2161.28,39.62,0.0,Settled,1,None,None,Settlement amount calculated from recorded payment amount.,0.0,None,payment_amount_mismatch
ORD000124,CUST0090,2026-08-13,1499,PAY000124,2026-08-13,1499.0,Card,Success,1,SET000124,STLREF-446610,2026-08-14,1203.02,29.98,0.0,Settled,1,None,None,No additional deductions recorded.,0.0,None,unexplainable_settlement_mismatch
ORD000125,CUST0165,2026-08-22,3999,PAY000125,2026-08-22,3999.0,Wallet,Success,1,SET000125,STLREF-512319,2026-08-23,3927.02,71.98,0.0,Settled,1,None,None,No additional deductions recorded.,0.0,None,normal
ORD000126,CUST0079,2026-08-29,13478,PAY000126,2026-08-30,13478.0,Wallet,Success,1,SET000126,STLREF-279942,2026-08-31,13235.4,242.6,0.0,Settled,1,None,None,Settlement processed after standard payment processing fee.,0.0,None,processing_fee
ORD000127,CUST0297,2026-08-26,7499,PAY000127,2026-08-27,7499.0,UPI,Success,1,,,,,0.0,0.0,Missing,1,None,None,No settlement record available.,0.0,None,missing_settlement
ORD000128,CUST0209,2026-08-05,3152,PAY000128,2026-08-05,3152.0,Netbanking,Success,1,SET000128,STLREF-926227,2026-08-06,3104.72,47.28,0.0,Settled,1,None,None,No additional deductions recorded.,0.0,None,normal
ORD000129,CUST0011,2026-08-12,5999,PAY000129,2026-08-12,5999.0,Wallet,Success,1,SET000129,STLREF-989736,2026-08-13,5891.02,107.98,0.0,Settled,1,None,None,No additional deductions recorded.,0.0,None,normal
ORD000130,CUST0051,2026-08-14,11464,PAY000130,2026-08-14,11464.0,Netbanking,Success,1,SET000130,STLREF-334379,2026-08-15,11292.04,171.96,0.0,Settled,1,None,None,No additional deductions recorded.,0.0,None,normal
ORD000131,CUST0107,2026-08-12,2499,PAY000131,2026-08-13,2499.0,Card,Success,2,SET000131,STLREF-353206,2026-08-14,2449.02,49.98,0.0,Settled,1,None,None,Multiple successful payment records are associated with this order.,0.0,None,duplicate_payment
ORD000132,CUST0197,2026-08-29,999,PAY000132,2026-08-30,840.97,UPI,Success,1,SET000132,STLREF-176267,2026-08-31,832.56,8.41,0.0,Settled,1,None,None,Settlement amount calculated from recorded payment amount.,0.0,None,payment_amount_mismatch
ORD000133,CUST0028,2026-08-19,3999,PAY000133,2026-08-20,3999.0,Card,Success,1,SET000133,STLREF-963382,2026-08-21,3919.02,79.98,0.0,Settled,1,None,None,No additional deductions recorded.,0.0,None,normal
ORD000134,CUST0257,2026-08-05,9999,PAY000134,2026-08-05,9999.0,Netbanking,Success,1,SET000134,STLREF-302652,2026-08-06,9849.02,149.98,0.0,Settled,1,None,None,No additional deductions recorded.,0.0,None,normal
ORD000135,CUST0035,2026-08-10,5999,PAY000135,2026-08-10,5999.0,Wallet,Success,1,,,,,0.0,0.0,Missing,1,None,None,No settlement record available.,0.0,None,missing_settlement
ORD000136,CUST0178,2026-08-20,299,PAY000136,2026-08-20,299.0,Wallet,Success,1,SET000136,STLREF-735809,2026-08-21,293.62,5.38,0.0,Settled,1,None,None,No additional deductions recorded.,0.0,None,normal
ORD000137,CUST0166,2026-08-30,1799,PAY000137,2026-08-30,1799.0,UPI,Success,1,SET000137,STLREF-402573,2026-08-31,1781.01,17.99,0.0,Settled,1,None,None,No additional deductions recorded.,0.0,None,normal
ORD000138,CUST0173,2026-08-23,299,PAY000138,2026-08-24,299.0,Wallet,Success,1,SET000138,STLREF-155013,2026-08-25,293.62,5.38,0.0,Settled,1,None,None,No additional deductions recorded.,0.0,None,normal
ORD000139,CUST0057,2026-08-09,7499,PAY000139,2026-08-10,7499.0,Wallet,Success,1,SET000139,STLREF-412888,2026-08-11,7364.02,134.98,0.0,Settled,1,None,None,No additional deductions recorded.,0.0,None,normal
ORD000140,CUST0144,2026-08-05,12344,PAY000140,2026-08-06,12344.0,Wallet,Success,1,SET000140,STLREF-345701,2026-08-07,12121.81,222.19,0.0,Settled,1,None,None,No additional deductions recorded.,0.0,None,normal
ORD000141,CUST0214,2026-08-05,2225,PAY000141,2026-08-06,2225.0,UPI,Success,1,SET000141,STLREF-665037,2026-08-07,2202.75,22.25,0.0,Settled,1,None,None,No additional deductions recorded.,0.0,None,normal
ORD000142,CUST0161,2026-08-28,3685,PAY000142,2026-08-29,3685.0,Card,Success,1,SET000142,STLREF-628592,2026-08-30,2627.3,73.7,0.0,Settled,1,Manual Deduction,Settlement processing deduction,Manual deduction of INR 984.00 applied during settlement processing.,0.0,None,explainable_settlement_mismatch
ORD000143,CUST0180,2026-08-12,2999,PAY000143,2026-08-12,2999.0,Card,Success,1,SET000143,STLREF-877907,2026-08-13,2939.02,59.98,0.0,Settled,1,None,None,No additional deductions recorded.,0.0,None,normal
ORD000144,CUST0159,2026-08-17,999,PAY000144,2026-08-17,999.0,Wallet,Success,1,,,,,0.0,0.0,Missing,1,None,None,No settlement record available.,0.0,None,missing_settlement
ORD000145,CUST0264,2026-08-01,3999,PAY000145,2026-08-01,3999.0,UPI,Success,1,SET000145,STLREF-880126,2026-08-02,3959.01,39.99,0.0,Settled,1,None,None,No additional deductions recorded.,0.0,None,normal
ORD000146,CUST0097,2026-08-15,7694,PAY000146,2026-08-16,7694.0,Card,Success,1,SET000146,STLREF-869781,2026-08-17,6692.12,153.88,0.0,Settled,1,None,None,No additional deductions recorded.,0.0,None,unexplainable_settlement_mismatch
ORD000147,CUST0229,2026-08-03,5999,PAY000147,2026-08-04,5999.0,Card,Success,1,SET000147,STLREF-412176,2026-08-05,5879.02,119.98,0.0,Settled,1,None,None,No additional deductions recorded.,0.0,None,normal
ORD000148,CUST0048,2026-08-21,499,PAY000148,2026-08-22,499.0,UPI,Success,1,SET000148,STLREF-764890,2026-08-23,393.01,4.99,0.0,Settled,1,Manual Deduction,Settlement processing deduction,Manual deduction of INR 101.00 applied during settlement processing.,0.0,None,explainable_settlement_mismatch
ORD000149,CUST0286,2026-08-01,499,PAY000149,2026-08-02,499.0,UPI,Success,1,SET000149,STLREF-904133,2026-08-03,389.01,4.99,0.0,Settled,1,Manual Deduction,Settlement processing deduction,Manual deduction of INR 105.00 applied during settlement processing.,0.0,None,explainable_settlement_mismatch
ORD000150,CUST0167,2026-08-24,2999,PAY000150,2026-08-24,2999.0,Wallet,Success,1,SET000150,STLREF-825079,2026-08-25,2945.02,53.98,0.0,Settled,1,None,None,No additional deductions recorded.,0.0,None,normal
ORD000151,CUST0096,2026-08-15,2999,PAY000151,2026-08-16,2999.0,Netbanking,Success,2,SET000151,STLREF-303046,2026-08-17,2954.02,44.98,0.0,Settled,1,None,None,Multiple successful payment records are associated with this order.,0.0,None,duplicate_payment
ORD000152,CUST0163,2026-08-08,5664,PAY000152,2026-08-08,5664.0,Card,Success,1,SET000152,STLREF-438401,2026-08-09,5550.72,113.28,0.0,Settled,1,None,None,No additional deductions recorded.,0.0,None,normal
ORD000153,CUST0231,2026-08-27,1499,PAY000153,2026-08-27,1499.0,Wallet,Success,1,SET000153,STLREF-659912,2026-08-28,1472.02,26.98,0.0,Settled,1,None,None,No additional deductions recorded.,0.0,None,normal
ORD000154,CUST0156,2026-08-04,9999,PAY000154,2026-08-05,9999.0,Netbanking,Success,1,SET000154,STLREF-508320,2026-08-06,9154.02,149.98,0.0,Settled,1,None,None,Manual deduction of INR 695.00 applied during settlement processing.,0.0,None,conflicting_settlement_evidence
ORD000155,CUST0168,2026-08-03,4539,PAY000155,2026-08-03,4539.0,Wallet,Success,1,,,,,0.0,0.0,Missing,1,None,None,No settlement record available.,0.0,None,missing_settlement
ORD000156,CUST0197,2026-08-22,2999,PAY000156,2026-08-23,2999.0,Netbanking,Success,1,SET000156,STLREF-920089,2026-08-24,2954.02,44.98,0.0,Settled,1,None,None,No additional deductions recorded.,0.0,None,normal
ORD000157,CUST0144,2026-08-27,9999,PAY000157,2026-08-28,9999.0,Netbanking,Success,1,SET000157,STLREF-343385,2026-08-29,9849.02,149.98,0.0,Settled,1,None,None,No additional deductions recorded.,0.0,None,normal
ORD000158,CUST0038,2026-08-11,5999,PAY000158,2026-08-12,5999.0,Wallet,Success,1,SET000158,STLREF-515242,2026-08-13,5891.02,107.98,0.0,Settled,1,None,None,No additional deductions recorded.,0.0,None,normal
ORD000159,CUST0203,2026-08-10,7499,PAY000159,2026-08-10,7499.0,Card,Success,1,SET000159,STLREF-200613,2026-08-11,6512.02,149.98,0.0,Settled,1,Manual Deduction,Settlement processing deduction,Manual deduction of INR 837.00 applied during settlement processing.,0.0,None,explainable_settlement_mismatch
ORD000160,CUST0166,2026-08-30,8033,PAY000160,2026-08-31,8033.0,Wallet,Success,1,SET000160,STLREF-760119,2026-09-01,6956.41,144.59,0.0,Settled,1,None,None,No additional deductions recorded.,0.0,None,unexplainable_settlement_mismatch
ORD000161,CUST0186,2026-08-05,1499,PAY000161,2026-08-06,1499.0,UPI,Success,1,SET000161,STLREF-468174,2026-08-07,1484.01,14.99,0.0,Settled,1,None,None,No additional deductions recorded.,0.0,None,normal
ORD000162,CUST0109,2026-08-13,2499,PAY000162,2026-08-14,2499.0,Netbanking,Success,1,SET000162,STLREF-417787,2026-08-15,2461.52,37.48,0.0,Settled,1,None,None,Settlement processed after standard payment processing fee.,0.0,None,processing_fee
ORD000163,CUST0159,2026-08-07,3999,PAY000163,2026-08-07,3999.0,Card,Success,1,SET000163,STLREF-247829,2026-08-08,3919.02,79.98,0.0,Settled,1,None,None,No additional deductions recorded.,0.0,None,normal
ORD000164,CUST0104,2026-08-12,6237,PAY000164,2026-08-12,6237.0,Wallet,Success,1,SET000164,STLREF-924837,2026-08-13,5692.73,112.27,0.0,Settled,1,None,None,Manual deduction of INR 432.00 applied during settlement processing.,0.0,None,conflicting_settlement_evidence
ORD000165,CUST0253,2026-08-20,2499,PAY000165,2026-08-20,2499.0,Wallet,Success,1,SET000165,STLREF-479963,2026-08-21,2454.02,44.98,0.0,Settled,1,None,None,No additional deductions recorded.,0.0,None,normal
ORD000166,CUST0220,2026-08-16,499,PAY000166,2026-08-16,499.0,Wallet,Success,1,SET000166,STLREF-241281,2026-08-17,490.02,8.98,0.0,Settled,1,None,None,No additional deductions recorded.,0.0,None,normal
ORD000167,CUST0282,2026-08-14,2894,PAY000167,2026-08-14,2894.0,Wallet,Success,1,SET000167,STLREF-155681,2026-08-15,2258.91,52.09,0.0,Settled,1,None,None,No additional deductions recorded.,0.0,None,unexplainable_settlement_mismatch
ORD000168,CUST0278,2026-08-13,4999,PAY000168,2026-08-14,4999.0,Wallet,Success,1,,,,,0.0,0.0,Missing,1,None,None,No settlement record available.,0.0,None,missing_settlement
ORD000169,CUST0046,2026-08-29,6119,PAY000169,2026-08-29,6119.0,Netbanking,Success,1,SET000169,STLREF-983934,2026-08-30,6027.22,91.78,0.0,Settled,1,None,None,No additional deductions recorded.,0.0,None,normal
ORD000170,CUST0061,2026-08-10,4999,PAY000170,2026-08-11,4999.0,Card,Success,1,SET000170,STLREF-392567,2026-08-12,4704.02,99.98,0.0,Settled,1,Manual Deduction,Settlement processing deduction,Manual deduction of INR 195.00 applied during settlement processing.,0.0,None,explainable_settlement_mismatch
ORD000171,CUST0018,2026-08-11,2999,PAY000171,2026-08-11,2417.7,Netbanking,Success,1,SET000171,STLREF-866020,2026-08-12,2381.43,36.27,0.0,Settled,1,None,None,Settlement amount calculated from recorded payment amount.,0.0,None,payment_amount_mismatch
ORD000172,CUST0221,2026-08-04,13664,PAY000172,2026-08-04,13664.0,UPI,Success,1,SET000172,STLREF-658469,2026-08-05,13527.36,136.64,0.0,Settled,1,None,None,No additional deductions recorded.,0.0,None,normal
ORD000173,CUST0214,2026-08-04,7499,PAY000173,2026-08-04,7499.0,UPI,Success,1,SET000173,STLREF-262938,2026-08-05,7424.01,74.99,0.0,Settled,1,None,None,Settlement processed after standard payment processing fee.,0.0,None,processing_fee
ORD000174,CUST0077,2026-08-28,4999,PAY000174,2026-08-29,4999.0,Netbanking,Success,1,SET000174,STLREF-749848,2026-08-30,4924.02,74.98,0.0,Settled,1,None,None,No additional deductions recorded.,0.0,None,normal
ORD000175,CUST0210,2026-08-23,12843,PAY000175,2026-08-24,12843.0,Card,Success,1,SET000175,STLREF-548329,2026-08-25,12586.14,256.86,0.0,Settled,1,None,None,No additional deductions recorded.,0.0,None,normal
ORD000176,CUST0022,2026-08-26,5827,PAY000176,2026-08-26,5827.0,Wallet,Success,1,SET000176,STLREF-256834,2026-08-27,5240.11,104.89,0.0,Settled,1,None,None,Manual deduction of INR 482.00 applied during settlement processing.,0.0,None,conflicting_settlement_evidence
ORD000177,CUST0250,2026-08-05,9999,PAY000177,2026-08-06,9999.0,Card,Success,1,SET000177,STLREF-995476,2026-08-07,9799.02,199.98,0.0,Settled,1,None,None,No additional deductions recorded.,0.0,None,normal
ORD000178,CUST0139,2026-08-14,2999,PAY000178,2026-08-15,2999.0,UPI,Success,1,SET000178,STLREF-756874,2026-08-16,2969.01,29.99,0.0,Settled,1,None,None,Settlement processed after standard payment processing fee.,0.0,None,processing_fee
ORD000179,CUST0041,2026-08-06,2999,PAY000179,2026-08-06,2999.0,Netbanking,Success,1,SET000179,STLREF-456614,2026-08-07,2954.02,44.98,0.0,Settled,1,None,None,No additional deductions recorded.,0.0,None,normal
ORD000180,CUST0217,2026-08-15,7499,PAY000180,2026-08-15,7499.0,Card,Success,1,SET000180,STLREF-444020,2026-08-16,7349.02,149.98,0.0,Settled,1,None,None,No additional deductions recorded.,0.0,None,normal
ORD000181,CUST0040,2026-08-29,3999,PAY000181,2026-08-29,3999.0,Wallet,Success,1,SET000181,STLREF-271034,2026-08-30,3927.02,71.98,0.0,Settled,1,None,None,No additional deductions recorded.,0.0,None,normal
ORD000182,CUST0087,2026-08-15,9785,PAY000182,2026-08-15,9785.0,Card,Success,1,SET000182,STLREF-990934,2026-08-16,9589.3,195.7,0.0,Settled,1,None,None,No additional deductions recorded.,0.0,None,normal
ORD000183,CUST0032,2026-08-23,9999,PAY000183,2026-08-24,9999.0,UPI,Success,1,SET000183,STLREF-101021,2026-08-25,9899.01,99.99,0.0,Settled,1,None,None,Settlement processed after standard payment processing fee.,0.0,None,processing_fee
ORD000184,CUST0108,2026-08-23,3999,PAY000184,2026-08-23,3999.0,Netbanking,Success,1,SET000184,STLREF-280821,2026-08-24,3939.02,59.98,0.0,Settled,1,None,None,Settlement processed after standard payment processing fee.,0.0,None,processing_fee
ORD000185,CUST0017,2026-08-29,999,PAY000185,2026-08-30,999.0,Card,Success,1,SET000185,STLREF-567305,2026-08-31,979.02,19.98,0.0,Settled,2,None,None,Multiple settlement records are associated with this payment.,0.0,None,duplicate_settlement
ORD000186,CUST0011,2026-08-04,2999,PAY000186,2026-08-05,2999.0,UPI,Success,1,SET000186,STLREF-432850,2026-08-06,2969.01,29.99,0.0,Settled,1,None,None,Settlement processed after standard payment processing fee.,0.0,None,processing_fee
ORD000187,CUST0222,2026-08-02,8010,PAY000187,2026-08-03,8010.0,UPI,Success,1,SET000187,STLREF-912845,2026-08-04,7770.9,80.1,0.0,Settled,1,None,None,No additional deductions recorded.,0.0,None,unexplainable_settlement_mismatch
ORD000188,CUST0115,2026-08-27,799,PAY000188,2026-08-27,799.0,Wallet,Success,1,SET000188,STLREF-992453,2026-08-28,784.62,14.38,0.0,Settled,1,None,None,No additional deductions recorded.,0.0,None,normal
ORD000189,CUST0105,2026-08-05,4999,PAY000189,2026-08-06,4999.0,Card,Success,1,SET000189,STLREF-715254,2026-08-07,4899.02,99.98,0.0,Settled,1,None,None,No additional deductions recorded.,0.0,None,normal
ORD000190,CUST0270,2026-08-06,1999,PAY000190,2026-08-06,1999.0,Wallet,Success,1,SET000190,STLREF-895957,2026-08-07,1963.02,35.98,0.0,Settled,1,None,None,Settlement processed after standard payment processing fee.,0.0,None,processing_fee
ORD000191,CUST0262,2026-08-10,5999,PAY000191,2026-08-11,5999.0,Wallet,Success,1,SET000191,STLREF-129861,2026-08-12,5891.02,107.98,0.0,Settled,1,None,None,No additional deductions recorded.,0.0,None,normal
ORD000192,CUST0116,2026-08-31,7499,PAY000192,2026-08-31,7499.0,Netbanking,Success,1,SET000192,STLREF-249963,2026-09-01,6690.52,112.48,0.0,Settled,1,None,None,Manual deduction of INR 696.00 applied during settlement processing.,0.0,None,conflicting_settlement_evidence
ORD000193,CUST0063,2026-08-13,299,PAY000193,2026-08-14,299.0,UPI,Success,1,SET000193,STLREF-908600,2026-08-15,296.01,2.99,0.0,Settled,1,None,None,Settlement processed after standard payment processing fee.,0.0,None,processing_fee
ORD000194,CUST0094,2026-08-23,667,PAY000194,2026-08-24,667.0,Netbanking,Success,1,SET000194,STLREF-358096,2026-08-25,657.0,10.0,0.0,Settled,1,None,None,No additional deductions recorded.,0.0,None,normal
ORD000195,CUST0090,2026-08-02,7499,PAY000195,2026-08-03,7499.0,Card,Success,1,SET000195,STLREF-334835,2026-08-04,7349.02,149.98,0.0,Settled,1,None,None,No additional deductions recorded.,0.0,None,normal
ORD000196,CUST0138,2026-08-16,499,PAY000196,2026-08-17,499.0,Netbanking,Success,1,SET000196,STLREF-675290,2026-08-24,491.52,7.48,0.0,Settled,1,None,None,Settlement processed after the standard settlement window.,0.0,None,delayed_settlement
ORD000197,CUST0278,2026-08-19,14551,PAY000197,2026-08-20,14551.0,UPI,Success,1,,,,,0.0,0.0,Missing,1,None,None,No settlement record available.,0.0,None,missing_settlement
ORD000198,CUST0252,2026-08-02,3310,PAY000198,2026-08-03,3310.0,Netbanking,Success,1,SET000198,STLREF-917624,2026-08-04,3260.35,49.65,0.0,Settled,1,None,None,No additional deductions recorded.,0.0,None,normal
ORD000199,CUST0035,2026-08-30,2435,PAY000199,2026-08-31,2435.0,Netbanking,Success,1,SET000199,STLREF-366805,2026-09-01,2398.48,36.52,0.0,Settled,1,None,None,No additional deductions recorded.,0.0,None,normal
ORD000200,CUST0091,2026-08-25,499,PAY000200,2026-08-25,499.0,Netbanking,Success,1,SET000200,STLREF-687666,2026-08-26,491.52,7.48,0.0,Settled,1,None,None,No additional deductions recorded.,0.0,None,normal
ORD000201,CUST0245,2026-08-30,799,PAY000201,2026-08-30,799.0,Netbanking,Success,1,SET000201,STLREF-162909,2026-08-31,787.02,11.98,0.0,Settled,1,None,None,No additional deductions recorded.,0.0,None,normal
ORD000202,CUST0054,2026-08-21,2499,PAY000202,2026-08-22,2499.0,Wallet,Success,1,SET000202,STLREF-486613,2026-08-29,2454.02,44.98,0.0,Settled,1,None,None,Settlement processed after the standard settlement window.,0.0,None,delayed_settlement
ORD000203,CUST0096,2026-08-31,11137,PAY000203,2026-08-31,11137.0,Netbanking,Success,1,SET000203,STLREF-903445,2026-09-01,10969.94,167.06,0.0,Settled,1,None,None,No additional deductions recorded.,0.0,None,normal
ORD000204,CUST0212,2026-08-15,9999,PAY000204,2026-08-16,9999.0,Netbanking,Success,1,SET000204,STLREF-150875,2026-08-17,9849.02,149.98,0.0,Settled,1,None,None,No additional deductions recorded.,0.0,None,normal
ORD000205,CUST0106,2026-08-30,1999,PAY000205,2026-08-30,1999.0,UPI,Success,1,SET000205,STLREF-880009,2026-08-31,1979.01,19.99,0.0,Settled,1,None,None,No additional deductions recorded.,0.0,None,normal
ORD000206,CUST0164,2026-08-13,4999,PAY000206,2026-08-14,4999.0,Netbanking,Success,1,SET000206,STLREF-545602,2026-08-15,4924.02,74.98,0.0,Settled,1,None,None,Settlement processed after standard payment processing fee.,0.0,None,processing_fee
ORD000207,CUST0258,2026-08-30,4999,PAY000207,2026-08-31,4999.0,Card,Success,1,SET000207,STLREF-837800,2026-09-01,4899.02,99.98,0.0,Settled,1,None,None,No additional deductions recorded.,0.0,None,normal
ORD000208,CUST0152,2026-08-14,999,PAY000208,2026-08-14,999.0,Card,Success,1,SET000208,STLREF-559905,2026-08-15,979.02,19.98,0.0,Settled,1,None,None,Settlement processed after standard payment processing fee.,0.0,None,processing_fee
ORD000209,CUST0299,2026-08-02,999,PAY000209,2026-08-03,999.0,UPI,Success,1,SET000209,STLREF-810786,2026-08-04,863.01,9.99,0.0,Settled,1,None,None,Manual deduction of INR 126.00 applied during settlement processing.,0.0,None,conflicting_settlement_evidence
ORD000210,CUST0186,2026-08-08,799,PAY000210,2026-08-08,799.0,Card,Success,1,SET000210,STLREF-574658,2026-08-09,783.02,15.98,0.0,Settled,1,None,None,No additional deductions recorded.,0.0,None,normal
ORD000211,CUST0138,2026-08-17,5999,PAY000211,2026-08-18,5999.0,UPI,Success,1,SET000211,STLREF-232434,2026-08-19,5939.01,59.99,0.0,Settled,1,None,None,No additional deductions recorded.,0.0,None,normal
ORD000212,CUST0213,2026-08-05,502,PAY000212,2026-08-06,409.39,Wallet,Success,1,SET000212,STLREF-892968,2026-08-07,402.02,7.37,0.0,Settled,1,None,None,Settlement amount calculated from recorded payment amount.,0.0,None,payment_amount_mismatch
ORD000213,CUST0045,2026-08-09,9999,PAY000213,2026-08-09,9999.0,Card,Success,1,SET000213,STLREF-201389,2026-08-10,9799.02,199.98,0.0,Settled,1,None,None,No additional deductions recorded.,0.0,None,normal
ORD000214,CUST0004,2026-08-28,7499,PAY000214,2026-08-29,7499.0,UPI,Success,1,SET000214,STLREF-206756,2026-08-30,7424.01,74.99,0.0,Settled,1,None,None,No additional deductions recorded.,0.0,None,normal
ORD000215,CUST0004,2026-08-05,1999,PAY000215,2026-08-06,1999.0,UPI,Success,1,SET000215,STLREF-849249,2026-08-07,1606.01,19.99,0.0,Settled,1,Manual Deduction,Settlement processing deduction,Manual deduction of INR 373.00 applied during settlement processing.,0.0,None,explainable_settlement_mismatch
ORD000216,CUST0068,2026-08-21,799,PAY000216,2026-08-22,799.0,Netbanking,Success,1,SET000216,STLREF-271436,2026-08-23,787.02,11.98,0.0,Settled,1,None,None,Settlement processed after standard payment processing fee.,0.0,None,processing_fee
ORD000217,CUST0015,2026-08-08,299,PAY000217,2026-08-09,299.0,Card,Success,1,SET000217,STLREF-644735,2026-08-10,193.02,5.98,0.0,Settled,1,Manual Deduction,Settlement processing deduction,Manual deduction of INR 100.00 applied during settlement processing.,0.0,None,explainable_settlement_mismatch
ORD000218,CUST0160,2026-08-04,2999,PAY000218,2026-08-05,2999.0,Netbanking,Success,1,,,,,0.0,0.0,Missing,1,None,None,No settlement record available.,0.0,None,missing_settlement
ORD000219,CUST0035,2026-08-11,999,PAY000219,2026-08-11,999.0,Netbanking,Success,2,SET000219,STLREF-974362,2026-08-12,984.02,14.98,0.0,Settled,1,None,None,Multiple successful payment records are associated with this order.,0.0,None,duplicate_payment
ORD000220,CUST0242,2026-08-09,7499,PAY000220,2026-08-10,7499.0,UPI,Success,1,SET000220,STLREF-415766,2026-08-11,7424.01,74.99,0.0,Settled,1,None,None,No additional deductions recorded.,0.0,None,normal
ORD000221,CUST0287,2026-08-13,299,PAY000221,2026-08-13,299.0,Card,Success,2,SET000221,STLREF-445631,2026-08-14,293.02,5.98,0.0,Settled,1,None,None,Multiple successful payment records are associated with this order.,0.0,None,duplicate_payment
ORD000222,CUST0231,2026-08-04,12728,PAY000222,2026-08-05,12728.0,Card,Success,1,SET000222,STLREF-292553,2026-08-06,12011.44,254.56,0.0,Settled,1,Manual Deduction,Settlement processing deduction,Manual deduction of INR 462.00 applied during settlement processing.,0.0,None,explainable_settlement_mismatch
ORD000223,CUST0120,2026-08-16,5999,PAY000223,2026-08-17,5999.0,UPI,Success,1,SET000223,STLREF-814393,2026-08-18,5939.01,59.99,0.0,Settled,1,None,None,Settlement processed after standard payment processing fee.,0.0,None,processing_fee
ORD000224,CUST0214,2026-08-23,8175,PAY000224,2026-08-23,8175.0,Netbanking,Success,1,SET000224,STLREF-142742,2026-08-24,7301.38,122.62,0.0,Settled,1,None,None,No additional deductions recorded.,0.0,None,unexplainable_settlement_mismatch
ORD000225,CUST0172,2026-08-07,299,PAY000225,2026-08-07,299.0,UPI,Success,1,SET000225,STLREF-122814,2026-08-08,296.01,2.99,0.0,Settled,1,None,None,Settlement processed after standard payment processing fee.,0.0,None,processing_fee
ORD000226,CUST0186,2026-08-25,13465,PAY000226,2026-08-25,13465.0,Netbanking,Success,1,SET000226,STLREF-899315,2026-09-01,13263.03,201.97,0.0,Settled,1,None,None,Settlement processed after the standard settlement window.,0.0,None,delayed_settlement
ORD000227,CUST0295,2026-08-29,7499,PAY000227,2026-08-29,7499.0,Wallet,Success,1,SET000227,STLREF-869313,2026-08-30,7364.02,134.98,0.0,Settled,1,None,None,No additional deductions recorded.,0.0,None,normal
ORD000228,CUST0189,2026-08-06,2321,PAY000228,2026-08-06,2321.0,Netbanking,Success,1,SET000228,STLREF-887513,2026-08-07,2286.19,34.81,0.0,Settled,1,None,None,No additional deductions recorded.,0.0,None,normal
ORD000229,CUST0189,2026-08-23,1999,PAY000229,2026-08-23,1999.0,Wallet,Success,1,SET000229,STLREF-419452,2026-08-24,1399.02,35.98,0.0,Settled,1,Manual Deduction,Settlement processing deduction,Manual deduction of INR 564.00 applied during settlement processing.,0.0,None,explainable_settlement_mismatch
ORD000230,CUST0184,2026-08-30,9999,PAY000230,2026-08-30,9999.0,Wallet,Failed,1,,,,,0.0,0.0,Not Applicable,1,None,None,Payment failed. No settlement expected.,0.0,None,failed_payment
ORD000231,CUST0245,2026-08-11,1999,PAY000231,2026-08-11,1999.0,UPI,Success,1,SET000231,STLREF-339411,2026-08-12,1979.01,19.99,0.0,Settled,1,None,None,No additional deductions recorded.,0.0,None,normal
ORD000232,CUST0023,2026-08-31,14293,PAY000232,2026-08-31,14293.0,Wallet,Success,1,SET000232,STLREF-682422,2026-09-01,14035.73,257.27,0.0,Settled,1,None,None,Settlement processed after standard payment processing fee.,0.0,None,processing_fee
ORD000233,CUST0042,2026-08-14,799,PAY000233,2026-08-14,799.0,Card,Success,1,SET000233,STLREF-784736,2026-08-15,783.02,15.98,0.0,Settled,1,None,None,No additional deductions recorded.,0.0,None,normal
ORD000234,CUST0231,2026-08-06,2999,PAY000234,2026-08-06,2999.0,UPI,Success,1,SET000234,STLREF-560038,2026-08-07,2628.01,29.99,0.0,Settled,1,None,None,Manual deduction of INR 341.00 applied during settlement processing.,0.0,None,conflicting_settlement_evidence
ORD000235,CUST0123,2026-08-22,799,PAY000235,2026-08-23,799.0,UPI,Success,1,SET000235,STLREF-937849,2026-08-24,791.01,7.99,0.0,Settled,1,None,None,No additional deductions recorded.,0.0,None,normal
ORD000236,CUST0177,2026-08-08,9117,PAY000236,2026-08-08,9117.0,Wallet,Success,1,SET000236,STLREF-412357,2026-08-09,8545.89,164.11,0.0,Settled,1,None,None,No additional deductions recorded.,0.0,None,unexplainable_settlement_mismatch
ORD000237,CUST0075,2026-08-30,10357,PAY000237,2026-08-31,10357.0,UPI,Success,1,SET000237,STLREF-386348,2026-09-01,10253.43,103.57,0.0,Settled,1,None,None,No additional deductions recorded.,0.0,None,normal
ORD000238,CUST0063,2026-08-04,2499,PAY000238,2026-08-04,2499.0,Wallet,Success,1,SET000238,STLREF-127480,2026-08-05,2454.02,44.98,0.0,Settled,1,None,None,No additional deductions recorded.,0.0,None,normal
ORD000239,CUST0061,2026-08-29,3999,PAY000239,2026-08-29,3999.0,Card,Success,1,,,,,0.0,0.0,Missing,1,None,None,No settlement record available.,0.0,None,missing_settlement
ORD000240,CUST0109,2026-08-11,999,PAY000240,2026-08-12,999.0,Netbanking,Failed,1,,,,,0.0,0.0,Not Applicable,1,None,None,Payment failed. No settlement expected.,0.0,None,failed_payment
ORD000241,CUST0001,2026-08-10,817,PAY000241,2026-08-11,817.0,Card,Success,1,SET000241,STLREF-232694,2026-08-12,800.66,16.34,0.0,Settled,1,None,None,No additional deductions recorded.,0.0,None,normal
ORD000242,CUST0162,2026-08-14,6872,PAY000242,2026-08-15,6872.0,UPI,Success,1,SET000242,STLREF-998333,2026-08-16,6803.28,68.72,0.0,Settled,1,None,None,No additional deductions recorded.,0.0,None,normal
ORD000243,CUST0295,2026-08-28,799,PAY000243,2026-08-28,799.0,Netbanking,Success,1,SET000243,STLREF-445368,2026-08-29,787.02,11.98,0.0,Settled,1,None,None,No additional deductions recorded.,0.0,None,normal
ORD000244,CUST0118,2026-08-07,13360,PAY000244,2026-08-07,13360.0,Wallet,Success,1,,,,,0.0,0.0,Missing,1,None,None,No settlement record available.,0.0,None,missing_settlement
ORD000245,CUST0092,2026-08-20,4999,PAY000245,2026-08-21,4999.0,Card,Success,1,SET000245,STLREF-690899,2026-08-22,4899.02,99.98,0.0,Settled,1,None,None,No additional deductions recorded.,0.0,None,normal
ORD000246,CUST0256,2026-08-20,7499,PAY000246,2026-08-20,7499.0,Wallet,Success,1,SET000246,STLREF-273871,2026-08-21,7364.02,134.98,0.0,Settled,1,None,None,No additional deductions recorded.,0.0,None,normal
ORD000247,CUST0123,2026-08-26,2999,PAY000247,2026-08-27,2999.0,Card,Success,1,SET000247,STLREF-700641,2026-08-31,2939.02,59.98,0.0,Settled,1,None,None,Settlement processed after the standard settlement window.,0.0,None,delayed_settlement
ORD000248,CUST0055,2026-08-31,999,PAY000248,2026-09-01,999.0,UPI,Success,1,SET000248,STLREF-506099,2026-09-02,989.01,9.99,0.0,Settled,1,None,None,Settlement processed after standard payment processing fee.,0.0,None,processing_fee
ORD000249,CUST0193,2026-08-18,13653,PAY000249,2026-08-19,13653.0,Wallet,Success,1,SET000249,STLREF-591551,2026-08-20,13407.25,245.75,0.0,Settled,1,None,None,No additional deductions recorded.,0.0,None,normal
ORD000250,CUST0232,2026-08-04,799,PAY000250,2026-08-05,799.0,Card,Success,1,SET000250,STLREF-906750,2026-08-06,629.02,15.98,0.0,Settled,1,Manual Deduction,Settlement processing deduction,Manual deduction of INR 154.00 applied during settlement processing.,0.0,None,explainable_settlement_mismatch
ORD000251,CUST0296,2026-08-31,3999,PAY000251,2026-09-01,3999.0,Netbanking,Success,1,SET000251,STLREF-945462,2026-09-07,3939.02,59.98,0.0,Settled,1,None,None,Settlement processed after the standard settlement window.,0.0,None,delayed_settlement
ORD000252,CUST0090,2026-08-20,299,PAY000252,2026-08-20,299.0,UPI,Success,1,SET000252,STLREF-624374,2026-08-21,296.01,2.99,0.0,Settled,1,None,None,No additional deductions recorded.,0.0,None,normal
ORD000253,CUST0085,2026-08-05,6827,PAY000253,2026-08-06,6827.0,Wallet,Success,1,SET000253,STLREF-289377,2026-08-07,6158.11,122.89,0.0,Settled,1,None,None,Manual deduction of INR 546.00 applied during settlement processing.,0.0,None,conflicting_settlement_evidence
ORD000254,CUST0130,2026-08-05,1999,PAY000254,2026-08-05,1999.0,Wallet,Success,1,SET000254,STLREF-558831,2026-08-06,1963.02,35.98,0.0,Settled,1,None,None,Settlement processed after standard payment processing fee.,0.0,None,processing_fee
ORD000255,CUST0143,2026-08-23,4413,PAY000255,2026-08-24,4413.0,UPI,Success,1,SET000255,STLREF-927056,2026-08-25,3755.87,44.13,0.0,Settled,1,Manual Deduction,Settlement processing deduction,Manual deduction of INR 613.00 applied during settlement processing.,0.0,None,explainable_settlement_mismatch
ORD000256,CUST0132,2026-08-30,6417,PAY000256,2026-08-31,6417.0,Card,Success,1,SET000256,STLREF-189984,2026-09-01,5461.66,128.34,0.0,Settled,1,Manual Deduction,Settlement processing deduction,Manual deduction of INR 827.00 applied during settlement processing.,0.0,None,explainable_settlement_mismatch
ORD000257,CUST0056,2026-08-15,2999,PAY000257,2026-08-16,2999.0,UPI,Success,1,SET000257,STLREF-278771,2026-08-17,2969.01,29.99,0.0,Settled,1,None,None,No additional deductions recorded.,0.0,None,normal
ORD000258,CUST0207,2026-08-20,799,PAY000258,2026-08-21,799.0,Netbanking,Success,1,SET000258,STLREF-950170,2026-08-22,787.02,11.98,0.0,Settled,1,None,None,No additional deductions recorded.,0.0,None,normal
ORD000259,CUST0036,2026-08-20,1499,PAY000259,2026-08-21,1499.0,Card,Success,1,SET000259,STLREF-157216,2026-08-22,1469.02,29.98,0.0,Settled,1,None,None,No additional deductions recorded.,0.0,None,normal
ORD000260,CUST0099,2026-08-02,299,PAY000260,2026-08-03,299.0,Card,Success,1,SET000260,STLREF-211263,2026-08-04,293.02,5.98,0.0,Settled,1,None,None,No additional deductions recorded.,0.0,None,normal
ORD000261,CUST0290,2026-08-09,999,PAY000261,2026-08-09,999.0,Wallet,Success,1,SET000261,STLREF-483249,2026-08-10,981.02,17.98,0.0,Settled,1,None,None,No additional deductions recorded.,0.0,None,normal
ORD000262,CUST0215,2026-08-27,3999,PAY000262,2026-08-28,3999.0,Card,Success,1,SET000262,STLREF-780437,2026-08-29,3919.02,79.98,0.0,Settled,1,None,None,No additional deductions recorded.,0.0,None,normal
ORD000263,CUST0024,2026-08-05,1999,PAY000263,2026-08-06,1999.0,UPI,Success,2,SET000263,STLREF-742779,2026-08-07,1979.01,19.99,0.0,Settled,1,None,None,Multiple successful payment records are associated with this order.,0.0,None,duplicate_payment
ORD000264,CUST0040,2026-08-18,3999,PAY000264,2026-08-18,3999.0,UPI,Success,1,,,,,0.0,0.0,Missing,1,None,None,No settlement record available.,0.0,None,missing_settlement
ORD000265,CUST0068,2026-08-10,499,PAY000265,2026-08-11,499.0,UPI,Success,1,SET000265,STLREF-602387,2026-08-12,392.01,4.99,0.0,Settled,1,None,None,No additional deductions recorded.,0.0,None,unexplainable_settlement_mismatch
ORD000266,CUST0105,2026-08-02,7499,PAY000266,2026-08-02,7499.0,Netbanking,Success,1,,,,,0.0,0.0,Missing,1,None,None,No settlement record available.,0.0,None,missing_settlement
ORD000267,CUST0066,2026-08-31,7499,PAY000267,2026-08-31,7499.0,Card,Success,1,SET000267,STLREF-393621,2026-09-01,6469.02,149.98,0.0,Settled,1,Manual Deduction,Settlement processing deduction,Manual deduction of INR 880.00 applied during settlement processing.,0.0,None,explainable_settlement_mismatch
ORD000268,CUST0174,2026-08-21,2499,PAY000268,2026-08-21,2499.0,Wallet,Success,1,SET000268,STLREF-897303,2026-08-22,2179.02,44.98,0.0,Settled,1,None,None,Manual deduction of INR 275.00 applied during settlement processing.,0.0,None,conflicting_settlement_evidence
ORD000269,CUST0192,2026-08-22,7499,PAY000269,2026-08-23,7499.0,Card,Success,1,SET000269,STLREF-856154,2026-08-24,7126.02,149.98,0.0,Settled,1,Manual Deduction,Settlement processing deduction,Manual deduction of INR 223.00 applied during settlement processing.,0.0,None,explainable_settlement_mismatch
ORD000270,CUST0054,2026-08-31,299,PAY000270,2026-08-31,299.0,UPI,Success,2,SET000270,STLREF-929560,2026-09-01,296.01,2.99,0.0,Settled,1,None,None,Multiple successful payment records are associated with this order.,0.0,None,duplicate_payment
ORD000271,CUST0098,2026-08-10,499,PAY000271,2026-08-10,499.0,Wallet,Success,1,SET000271,STLREF-643429,2026-08-11,348.02,8.98,0.0,Settled,1,Manual Deduction,Settlement processing deduction,Manual deduction of INR 142.00 applied during settlement processing.,0.0,None,explainable_settlement_mismatch
ORD000272,CUST0036,2026-08-04,499,PAY000272,2026-08-05,499.0,Wallet,Success,1,SET000272,STLREF-657109,2026-08-06,490.02,8.98,0.0,Settled,1,None,None,No additional deductions recorded.,0.0,None,normal
ORD000273,CUST0014,2026-08-08,2499,PAY000273,2026-08-08,2499.0,Netbanking,Success,1,,,,,0.0,0.0,Missing,1,None,None,No settlement record available.,0.0,None,missing_settlement
ORD000274,CUST0177,2026-08-16,3999,PAY000274,2026-08-17,3999.0,UPI,Success,1,SET000274,STLREF-319384,2026-08-18,3959.01,39.99,0.0,Settled,1,None,None,No additional deductions recorded.,0.0,None,normal
ORD000275,CUST0047,2026-08-23,799,PAY000275,2026-08-24,799.0,Card,Success,1,,,,,0.0,0.0,Missing,1,None,None,No settlement record available.,0.0,None,missing_settlement
ORD000276,CUST0099,2026-08-09,7743,PAY000276,2026-08-10,7743.0,UPI,Success,1,,,,,0.0,0.0,Missing,1,None,None,No settlement record available.,0.0,None,missing_settlement
ORD000277,CUST0089,2026-08-26,5999,PAY000277,2026-08-27,5999.0,Wallet,Success,1,SET000277,STLREF-994894,2026-08-28,5891.02,107.98,0.0,Settled,1,None,None,No additional deductions recorded.,0.0,None,normal
ORD000278,CUST0183,2026-08-08,3349,PAY000278,2026-08-08,3349.0,Wallet,Success,2,SET000278,STLREF-909340,2026-08-09,3288.72,60.28,0.0,Settled,1,None,None,Multiple successful payment records are associated with this order.,0.0,None,duplicate_payment
ORD000279,CUST0260,2026-08-24,299,PAY000279,2026-08-25,299.0,Wallet,Success,1,SET000279,STLREF-639221,2026-08-26,293.62,5.38,0.0,Settled,1,None,None,Settlement processed after standard payment processing fee.,0.0,None,processing_fee
ORD000280,CUST0247,2026-08-07,12625,PAY000280,2026-08-08,12625.0,UPI,Success,1,,,,,0.0,0.0,Missing,1,None,None,No settlement record available.,0.0,None,missing_settlement
ORD000281,CUST0127,2026-08-23,1499,PAY000281,2026-08-24,1499.0,Wallet,Success,1,SET000281,STLREF-756502,2026-08-25,1472.02,26.98,0.0,Settled,1,None,None,No additional deductions recorded.,0.0,None,normal
ORD000282,CUST0095,2026-08-30,10107,PAY000282,2026-08-30,10107.0,Netbanking,Success,1,SET000282,STLREF-265506,2026-08-31,9955.4,151.6,0.0,Settled,1,None,None,No additional deductions recorded.,0.0,None,normal
ORD000283,CUST0051,2026-08-17,1499,PAY000283,2026-08-18,1499.0,Netbanking,Success,1,SET000283,STLREF-784887,2026-08-19,1476.52,22.48,0.0,Settled,1,None,None,No additional deductions recorded.,0.0,None,normal
ORD000284,CUST0012,2026-08-12,9999,PAY000284,2026-08-12,9999.0,UPI,Success,1,SET000284,STLREF-599523,2026-08-13,9899.01,99.99,0.0,Settled,1,None,None,No additional deductions recorded.,0.0,None,normal
ORD000285,CUST0158,2026-08-27,10315,PAY000285,2026-08-27,10315.0,Card,Success,1,SET000285,STLREF-349187,2026-08-28,10108.7,206.3,0.0,Settled,1,None,None,No additional deductions recorded.,0.0,None,normal
ORD000286,CUST0024,2026-08-17,5999,PAY000286,2026-08-17,5999.0,Netbanking,Success,1,SET000286,STLREF-384326,2026-08-18,5195.02,89.98,0.0,Settled,1,Manual Deduction,Settlement processing deduction,Manual deduction of INR 714.00 applied during settlement processing.,0.0,None,explainable_settlement_mismatch
ORD000287,CUST0197,2026-08-04,5995,PAY000287,2026-08-05,5995.0,UPI,Success,1,SET000287,STLREF-294907,2026-08-06,5935.05,59.95,0.0,Settled,1,None,None,No additional deductions recorded.,0.0,None,normal
ORD000288,CUST0283,2026-08-16,14307,PAY000288,2026-08-16,14307.0,Wallet,Success,1,SET000288,STLREF-497847,2026-08-17,14049.47,257.53,0.0,Settled,1,None,None,No additional deductions recorded.,0.0,None,normal
ORD000289,CUST0056,2026-08-29,799,PAY000289,2026-08-29,799.0,Card,Success,1,SET000289,STLREF-218086,2026-08-30,675.02,15.98,0.0,Settled,1,Manual Deduction,Settlement processing deduction,Manual deduction of INR 108.00 applied during settlement processing.,0.0,None,explainable_settlement_mismatch
ORD000290,CUST0099,2026-08-03,999,PAY000290,2026-08-03,999.0,Card,Success,1,SET000290,STLREF-380549,2026-08-04,840.02,19.98,0.0,Settled,1,None,None,Manual deduction of INR 139.00 applied during settlement processing.,0.0,None,conflicting_settlement_evidence
ORD000291,CUST0184,2026-08-18,13401,PAY000291,2026-08-18,13401.0,Netbanking,Success,1,SET000291,STLREF-810178,2026-08-19,13035.99,201.01,0.0,Settled,1,None,None,No additional deductions recorded.,0.0,None,unexplainable_settlement_mismatch
ORD000292,CUST0171,2026-08-18,8453,PAY000292,2026-08-18,8453.0,Netbanking,Success,1,,,,,0.0,0.0,Missing,1,None,None,No settlement record available.,0.0,None,missing_settlement
ORD000293,CUST0098,2026-08-13,10731,PAY000293,2026-08-14,10731.0,Card,Success,1,SET000293,STLREF-430638,2026-08-15,10516.38,214.62,0.0,Settled,1,None,None,No additional deductions recorded.,0.0,None,normal
ORD000294,CUST0061,2026-08-29,3999,PAY000294,2026-08-29,3999.0,Wallet,Success,1,SET000294,STLREF-491031,2026-08-30,3927.02,71.98,0.0,Settled,1,None,None,No additional deductions recorded.,0.0,None,normal
ORD000295,CUST0235,2026-08-20,12896,PAY000295,2026-08-20,12896.0,Card,Success,1,SET000295,STLREF-829624,2026-08-21,12638.08,257.92,0.0,Settled,1,None,None,No additional deductions recorded.,0.0,None,normal
ORD000296,CUST0260,2026-08-17,9189,PAY000296,2026-08-17,9189.0,Wallet,Success,1,SET000296,STLREF-995068,2026-08-18,9023.6,165.4,0.0,Settled,1,None,None,No additional deductions recorded.,0.0,None,normal
ORD000297,CUST0251,2026-08-24,5999,PAY000297,2026-08-25,5999.0,Wallet,Success,1,SET000297,STLREF-599501,2026-08-26,5891.02,107.98,0.0,Settled,1,None,None,Settlement processed after standard payment processing fee.,0.0,None,processing_fee
ORD000298,CUST0218,2026-08-17,4999,PAY000298,2026-08-18,4999.0,UPI,Success,1,SET000298,STLREF-284579,2026-08-19,4949.01,49.99,0.0,Settled,1,None,None,No additional deductions recorded.,0.0,None,normal
ORD000299,CUST0261,2026-08-21,999,PAY000299,2026-08-21,999.0,Netbanking,Success,1,,,,,0.0,0.0,Missing,1,None,None,No settlement record available.,0.0,None,missing_settlement
ORD000300,CUST0126,2026-08-13,3999,PAY000300,2026-08-14,3999.0,UPI,Success,1,SET000300,STLREF-389015,2026-08-15,3162.01,39.99,0.0,Settled,1,None,None,No additional deductions recorded.,0.0,None,unexplainable_settlement_mismatch
ORD000301,CUST0206,2026-08-28,1499,PAY000301,2026-08-29,1499.0,Card,Success,1,SET000301,STLREF-269255,2026-08-30,1469.02,29.98,0.0,Settled,1,None,None,No additional deductions recorded.,0.0,None,normal
ORD000302,CUST0139,2026-08-30,1499,PAY000302,2026-08-30,1499.0,Card,Success,1,SET000302,STLREF-869305,2026-08-31,1469.02,29.98,0.0,Settled,1,None,None,No additional deductions recorded.,0.0,None,normal
ORD000303,CUST0240,2026-08-19,5999,PAY000303,2026-08-20,5999.0,Card,Failed,1,,,,,0.0,0.0,Not Applicable,1,None,None,Payment failed. No settlement expected.,0.0,None,failed_payment
ORD000304,CUST0245,2026-08-27,4999,PAY000304,2026-08-27,4999.0,Card,Success,1,SET000304,STLREF-722665,2026-08-28,4222.02,99.98,0.0,Settled,1,None,None,No additional deductions recorded.,0.0,None,unexplainable_settlement_mismatch
ORD000305,CUST0201,2026-08-04,299,PAY000305,2026-08-04,299.0,Wallet,Success,1,SET000305,STLREF-418642,2026-08-05,293.62,5.38,0.0,Settled,1,None,None,No additional deductions recorded.,0.0,None,normal
ORD000306,CUST0006,2026-08-01,10166,PAY000306,2026-08-02,10166.0,Netbanking,Success,1,SET000306,STLREF-479838,2026-08-03,10013.51,152.49,0.0,Settled,1,None,None,No additional deductions recorded.,0.0,None,normal
ORD000307,CUST0200,2026-08-07,2304,PAY000307,2026-08-07,2304.0,Wallet,Success,1,SET000307,STLREF-860350,2026-08-10,2262.53,41.47,0.0,Settled,1,None,None,Settlement processed after the standard settlement window.,0.0,None,delayed_settlement
ORD000308,CUST0296,2026-08-19,1499,PAY000308,2026-08-19,1365.82,Wallet,Success,1,SET000308,STLREF-762590,2026-08-20,1341.24,24.58,0.0,Settled,1,None,None,Settlement amount calculated from recorded payment amount.,0.0,None,payment_amount_mismatch
ORD000309,CUST0120,2026-08-13,11297,PAY000309,2026-08-14,11297.0,Wallet,Success,1,SET000309,STLREF-684543,2026-08-15,11093.65,203.35,0.0,Settled,1,None,None,No additional deductions recorded.,0.0,None,normal
ORD000310,CUST0083,2026-08-16,2999,PAY000310,2026-08-17,2999.0,Card,Success,1,SET000310,STLREF-252240,2026-08-18,2939.02,59.98,0.0,Settled,1,None,None,No additional deductions recorded.,0.0,None,normal
ORD000311,CUST0157,2026-08-01,7499,PAY000311,2026-08-02,7499.0,Netbanking,Success,1,SET000311,STLREF-780785,2026-08-03,7386.52,112.48,0.0,Settled,1,None,None,No additional deductions recorded.,0.0,None,normal
ORD000312,CUST0262,2026-08-27,1999,PAY000312,2026-08-28,1999.0,UPI,Success,1,SET000312,STLREF-619560,2026-08-29,1979.01,19.99,0.0,Settled,1,None,None,No additional deductions recorded.,0.0,None,normal
ORD000313,CUST0217,2026-08-11,1999,PAY000313,2026-08-12,1999.0,UPI,Failed,1,,,,,0.0,0.0,Not Applicable,1,None,None,Payment failed. No settlement expected.,0.0,None,failed_payment
ORD000314,CUST0016,2026-08-18,5187,PAY000314,2026-08-18,5187.0,Wallet,Success,2,SET000314,STLREF-295011,2026-08-19,5093.63,93.37,0.0,Settled,1,None,None,Multiple successful payment records are associated with this order.,0.0,None,duplicate_payment
ORD000315,CUST0066,2026-08-28,3999,PAY000315,2026-08-29,3999.0,Netbanking,Success,2,SET000315,STLREF-106046,2026-08-30,3939.02,59.98,0.0,Settled,1,None,None,Multiple successful payment records are associated with this order.,0.0,None,duplicate_payment
ORD000316,CUST0297,2026-08-23,7069,PAY000316,2026-08-23,7069.0,Wallet,Success,1,SET000316,STLREF-161033,2026-08-24,6941.76,127.24,0.0,Settled,1,None,None,No additional deductions recorded.,0.0,None,normal
ORD000317,CUST0207,2026-08-13,9418,PAY000317,2026-08-14,9418.0,Card,Success,1,SET000317,STLREF-267026,2026-08-17,9229.64,188.36,0.0,Settled,1,None,None,Settlement processed after the standard settlement window.,0.0,None,delayed_settlement
ORD000318,CUST0132,2026-08-09,2999,PAY000318,2026-08-10,2999.0,Card,Success,1,SET000318,STLREF-407561,2026-08-11,2939.02,59.98,0.0,Settled,1,None,None,No additional deductions recorded.,0.0,None,normal
ORD000319,CUST0129,2026-08-21,4999,PAY000319,2026-08-21,4999.0,Netbanking,Success,1,SET000319,STLREF-919878,2026-08-22,4924.02,74.98,0.0,Settled,1,None,None,No additional deductions recorded.,0.0,None,normal
ORD000320,CUST0170,2026-08-31,4999,PAY000320,2026-09-01,4999.0,Card,Success,1,SET000320,STLREF-808377,2026-09-02,4343.02,99.98,0.0,Settled,1,None,None,Manual deduction of INR 556.00 applied during settlement processing.,0.0,None,conflicting_settlement_evidence
ORD000321,CUST0050,2026-08-06,2176,PAY000321,2026-08-07,1757.18,Netbanking,Success,1,SET000321,STLREF-692402,2026-08-08,1730.82,26.36,0.0,Settled,1,None,None,Settlement amount calculated from recorded payment amount.,0.0,None,payment_amount_mismatch
ORD000322,CUST0255,2026-08-31,2499,PAY000322,2026-09-01,2499.0,Wallet,Success,1,SET000322,STLREF-704256,2026-09-02,2454.02,44.98,0.0,Settled,1,None,None,No additional deductions recorded.,0.0,None,normal
ORD000323,CUST0018,2026-08-16,2999,PAY000323,2026-08-16,2999.0,UPI,Success,1,SET000323,STLREF-567174,2026-08-17,2969.01,29.99,0.0,Settled,1,None,None,No additional deductions recorded.,0.0,None,normal
ORD000324,CUST0056,2026-08-29,11714,PAY000324,2026-08-30,11714.0,Netbanking,Success,1,SET000324,STLREF-324927,2026-08-31,10552.29,175.71,0.0,Settled,1,Manual Deduction,Settlement processing deduction,Manual deduction of INR 986.00 applied during settlement processing.,0.0,None,explainable_settlement_mismatch
ORD000325,CUST0173,2026-08-08,9999,PAY000325,2026-08-09,9999.0,Card,Success,1,SET000325,STLREF-547402,2026-08-10,9799.02,199.98,0.0,Settled,1,None,None,No additional deductions recorded.,0.0,None,normal
ORD000326,CUST0122,2026-08-30,7499,PAY000326,2026-08-31,7499.0,Netbanking,Success,1,SET000326,STLREF-860734,2026-09-01,7386.52,112.48,0.0,Settled,1,None,None,No additional deductions recorded.,0.0,None,normal
ORD000327,CUST0044,2026-08-13,3999,PAY000327,2026-08-13,3999.0,UPI,Success,1,SET000327,STLREF-242427,2026-08-14,3959.01,39.99,0.0,Settled,1,None,None,Settlement processed after standard payment processing fee.,0.0,None,processing_fee
ORD000328,CUST0229,2026-08-02,8516,PAY000328,2026-08-02,8516.0,Card,Success,1,SET000328,STLREF-535808,2026-08-03,7875.68,170.32,0.0,Settled,1,None,None,Manual deduction of INR 470.00 applied during settlement processing.,0.0,None,conflicting_settlement_evidence
ORD000329,CUST0163,2026-08-08,4613,PAY000329,2026-08-08,4613.0,Card,Success,1,SET000329,STLREF-911816,2026-08-09,4520.74,92.26,0.0,Settled,1,None,None,No additional deductions recorded.,0.0,None,normal
ORD000330,CUST0201,2026-08-12,5999,PAY000330,2026-08-12,5999.0,UPI,Success,1,SET000330,STLREF-741202,2026-08-13,5939.01,59.99,0.0,Settled,1,None,None,No additional deductions recorded.,0.0,None,normal
ORD000331,CUST0276,2026-08-23,10865,PAY000331,2026-08-24,10865.0,Card,Success,1,SET000331,STLREF-993973,2026-08-25,10647.7,217.3,0.0,Settled,1,None,None,No additional deductions recorded.,0.0,None,normal
ORD000332,CUST0296,2026-08-07,4999,PAY000332,2026-08-08,4999.0,UPI,Success,1,SET000332,STLREF-757024,2026-08-09,4949.01,49.99,0.0,Settled,1,None,None,No additional deductions recorded.,0.0,None,normal
ORD000333,CUST0156,2026-08-06,299,PAY000333,2026-08-07,299.0,Card,Success,1,SET000333,STLREF-427408,2026-08-08,193.02,5.98,0.0,Settled,1,None,None,No additional deductions recorded.,0.0,None,unexplainable_settlement_mismatch
ORD000334,CUST0227,2026-08-03,999,PAY000334,2026-08-04,999.0,Wallet,Success,1,SET000334,STLREF-385096,2026-08-05,981.02,17.98,0.0,Settled,1,None,None,No additional deductions recorded.,0.0,None,normal
ORD000335,CUST0029,2026-08-24,3999,PAY000335,2026-08-25,3999.0,UPI,Success,1,SET000335,STLREF-789719,2026-08-26,3959.01,39.99,0.0,Settled,1,None,None,No additional deductions recorded.,0.0,None,normal
ORD000336,CUST0179,2026-08-20,499,PAY000336,2026-08-20,499.0,Wallet,Success,1,SET000336,STLREF-284196,2026-08-21,490.02,8.98,0.0,Settled,1,None,None,No additional deductions recorded.,0.0,None,normal
ORD000337,CUST0138,2026-08-02,5999,PAY000337,2026-08-02,5999.0,UPI,Success,1,SET000337,STLREF-369973,2026-08-03,5117.01,59.99,0.0,Settled,1,Manual Deduction,Settlement processing deduction,Manual deduction of INR 822.00 applied during settlement processing.,0.0,None,explainable_settlement_mismatch
ORD000338,CUST0161,2026-08-11,2499,PAY000338,2026-08-12,2499.0,UPI,Success,1,SET000338,STLREF-458607,2026-08-17,2474.01,24.99,0.0,Settled,1,None,None,Settlement processed after the standard settlement window.,0.0,None,delayed_settlement
ORD000339,CUST0274,2026-08-19,999,PAY000339,2026-08-19,999.0,Card,Success,1,SET000339,STLREF-306397,2026-08-20,768.02,19.98,0.0,Settled,1,None,None,No additional deductions recorded.,0.0,None,unexplainable_settlement_mismatch
ORD000340,CUST0012,2026-08-07,1499,PAY000340,2026-08-07,1499.0,Card,Success,1,SET000340,STLREF-459604,2026-08-08,1469.02,29.98,0.0,Settled,1,None,None,No additional deductions recorded.,0.0,None,normal
ORD000341,CUST0282,2026-08-14,5999,PAY000341,2026-08-15,5999.0,Card,Failed,1,,,,,0.0,0.0,Not Applicable,1,None,None,Payment failed. No settlement expected.,0.0,None,failed_payment
ORD000342,CUST0171,2026-08-06,499,PAY000342,2026-08-06,499.0,Netbanking,Failed,1,,,,,0.0,0.0,Not Applicable,1,None,None,Payment failed. No settlement expected.,0.0,None,failed_payment
ORD000343,CUST0296,2026-08-18,1999,PAY000343,2026-08-19,1999.0,UPI,Success,1,SET000343,STLREF-404005,2026-08-20,1979.01,19.99,0.0,Settled,1,None,None,No additional deductions recorded.,0.0,None,normal
ORD000344,CUST0295,2026-08-16,12194,PAY000344,2026-08-17,12194.0,UPI,Success,1,,,,,0.0,0.0,Missing,1,None,None,No settlement record available.,0.0,None,missing_settlement
ORD000345,CUST0101,2026-08-20,4999,PAY000345,2026-08-21,4999.0,UPI,Success,1,SET000345,STLREF-570677,2026-08-22,4949.01,49.99,0.0,Settled,1,None,None,No additional deductions recorded.,0.0,None,normal
ORD000346,CUST0077,2026-08-20,2499,PAY000346,2026-08-21,2499.0,UPI,Success,1,SET000346,STLREF-727260,2026-08-22,2474.01,24.99,0.0,Settled,1,None,None,No additional deductions recorded.,0.0,None,normal
ORD000347,CUST0292,2026-08-22,6273,PAY000347,2026-08-23,6273.0,Card,Success,1,SET000347,STLREF-631621,2026-08-24,6147.54,125.46,0.0,Settled,1,None,None,No additional deductions recorded.,0.0,None,normal
ORD000348,CUST0113,2026-08-01,5999,PAY000348,2026-08-02,5999.0,Wallet,Success,1,SET000348,STLREF-247513,2026-08-03,5891.02,107.98,0.0,Settled,1,None,None,No additional deductions recorded.,0.0,None,normal
ORD000349,CUST0236,2026-08-22,14855,PAY000349,2026-08-22,14855.0,Netbanking,Success,1,SET000349,STLREF-396516,2026-08-23,14632.18,222.82,0.0,Settled,1,None,None,No additional deductions recorded.,0.0,None,normal
ORD000350,CUST0241,2026-08-02,12592,PAY000350,2026-08-02,12592.0,Wallet,Success,1,SET000350,STLREF-343083,2026-08-03,12192.34,226.66,0.0,Settled,1,None,None,Manual deduction of INR 173.00 applied during settlement processing.,0.0,None,conflicting_settlement_evidence
ORD000351,CUST0199,2026-08-29,2499,PAY000351,2026-08-30,2499.0,Netbanking,Success,1,SET000351,STLREF-929813,2026-08-31,2461.52,37.48,0.0,Settled,1,None,None,No additional deductions recorded.,0.0,None,normal
ORD000352,CUST0286,2026-08-06,1132,PAY000352,2026-08-07,1132.0,Wallet,Success,1,SET000352,STLREF-691921,2026-08-08,1111.62,20.38,0.0,Settled,1,None,None,Settlement processed after standard payment processing fee.,0.0,None,processing_fee
ORD000353,CUST0057,2026-08-01,3999,PAY000353,2026-08-02,3999.0,Wallet,Success,1,SET000353,STLREF-529944,2026-08-03,3661.02,71.98,0.0,Settled,1,Manual Deduction,Settlement processing deduction,Manual deduction of INR 266.00 applied during settlement processing.,0.0,None,explainable_settlement_mismatch
ORD000354,CUST0145,2026-08-03,2999,PAY000354,2026-08-03,2999.0,Wallet,Success,1,SET000354,STLREF-264498,2026-08-04,2945.02,53.98,0.0,Settled,1,None,None,No additional deductions recorded.,0.0,None,normal
ORD000355,CUST0271,2026-08-30,5999,PAY000355,2026-08-30,5999.0,Card,Success,1,SET000355,STLREF-428637,2026-08-31,5879.02,119.98,0.0,Settled,1,None,None,Settlement processed after standard payment processing fee.,0.0,None,processing_fee
ORD000356,CUST0164,2026-08-23,799,PAY000356,2026-08-23,650.9,Card,Success,1,SET000356,STLREF-382847,2026-08-24,637.88,13.02,0.0,Settled,1,None,None,Settlement amount calculated from recorded payment amount.,0.0,None,payment_amount_mismatch
ORD000357,CUST0074,2026-08-16,1499,PAY000357,2026-08-16,1499.0,Card,Success,1,SET000357,STLREF-572461,2026-08-17,1469.02,29.98,0.0,Settled,1,None,None,No additional deductions recorded.,0.0,None,normal
ORD000358,CUST0142,2026-08-30,1499,PAY000358,2026-08-30,1499.0,Netbanking,Success,1,SET000358,STLREF-817403,2026-08-31,1476.52,22.48,0.0,Settled,1,None,None,No additional deductions recorded.,0.0,None,normal
ORD000359,CUST0131,2026-08-14,799,PAY000359,2026-08-14,799.0,Wallet,Success,1,SET000359,STLREF-989682,2026-08-15,784.62,14.38,0.0,Settled,1,None,None,No additional deductions recorded.,0.0,None,normal
ORD000360,CUST0242,2026-08-08,799,PAY000360,2026-08-09,664.69,Wallet,Success,1,SET000360,STLREF-821856,2026-08-10,652.73,11.96,0.0,Settled,1,None,None,Settlement amount calculated from recorded payment amount.,0.0,None,payment_amount_mismatch
ORD000361,CUST0249,2026-08-10,1499,PAY000361,2026-08-11,1499.0,Netbanking,Success,1,SET000361,STLREF-593949,2026-08-12,1476.52,22.48,0.0,Settled,1,None,None,No additional deductions recorded.,0.0,None,normal
ORD000362,CUST0079,2026-08-04,5999,PAY000362,2026-08-04,5999.0,Card,Success,1,SET000362,STLREF-837295,2026-08-10,5879.02,119.98,0.0,Settled,1,None,None,Settlement processed after the standard settlement window.,0.0,None,delayed_settlement
ORD000363,CUST0180,2026-08-27,219,PAY000363,2026-08-27,219.0,Netbanking,Success,1,SET000363,STLREF-349227,2026-08-28,215.72,3.28,0.0,Settled,1,None,None,No additional deductions recorded.,0.0,None,normal
ORD000364,CUST0040,2026-08-11,499,PAY000364,2026-08-11,499.0,Card,Success,1,SET000364,STLREF-939113,2026-08-12,361.02,9.98,0.0,Settled,1,Manual Deduction,Settlement processing deduction,Manual deduction of INR 128.00 applied during settlement processing.,0.0,None,explainable_settlement_mismatch
ORD000365,CUST0004,2026-08-21,4999,PAY000365,2026-08-21,4999.0,UPI,Success,1,SET000365,STLREF-331261,2026-08-22,4949.01,49.99,0.0,Settled,1,None,None,No additional deductions recorded.,0.0,None,normal
ORD000366,CUST0202,2026-08-16,1509,PAY000366,2026-08-17,1509.0,Netbanking,Success,1,SET000366,STLREF-765205,2026-08-23,1486.37,22.63,0.0,Settled,1,None,None,Settlement processed after the standard settlement window.,0.0,None,delayed_settlement
ORD000367,CUST0189,2026-08-08,4661,PAY000367,2026-08-09,4661.0,Wallet,Success,1,SET000367,STLREF-889794,2026-08-10,4577.1,83.9,0.0,Settled,1,None,None,No additional deductions recorded.,0.0,None,normal
ORD000368,CUST0084,2026-08-14,1567,PAY000368,2026-08-14,1567.0,Card,Success,1,SET000368,STLREF-998524,2026-08-15,1198.66,31.34,0.0,Settled,1,Manual Deduction,Settlement processing deduction,Manual deduction of INR 337.00 applied during settlement processing.,0.0,None,explainable_settlement_mismatch
ORD000369,CUST0037,2026-08-08,299,PAY000369,2026-08-08,299.0,Card,Success,1,SET000369,STLREF-517668,2026-08-09,193.02,5.98,0.0,Settled,1,None,None,Manual deduction of INR 100.00 applied during settlement processing.,0.0,None,conflicting_settlement_evidence
ORD000370,CUST0035,2026-08-01,2999,PAY000370,2026-08-02,2999.0,Wallet,Success,1,SET000370,STLREF-257906,2026-08-03,2945.02,53.98,0.0,Settled,1,None,None,No additional deductions recorded.,0.0,None,normal
ORD000371,CUST0180,2026-08-29,1999,PAY000371,2026-08-30,1999.0,Card,Success,1,SET000371,STLREF-123581,2026-08-31,1959.02,39.98,0.0,Settled,1,None,None,Settlement processed after standard payment processing fee.,0.0,None,processing_fee
ORD000372,CUST0286,2026-08-06,1499,PAY000372,2026-08-07,1499.0,Wallet,Success,1,SET000372,STLREF-400418,2026-08-08,1472.02,26.98,0.0,Settled,1,None,None,No additional deductions recorded.,0.0,None,normal
ORD000373,CUST0152,2026-08-22,8501,PAY000373,2026-08-22,8501.0,Card,Success,1,SET000373,STLREF-728467,2026-08-23,8330.98,170.02,0.0,Settled,1,None,None,Settlement processed after standard payment processing fee.,0.0,None,processing_fee
ORD000374,CUST0293,2026-08-18,2999,PAY000374,2026-08-18,2999.0,Wallet,Success,1,SET000374,STLREF-201163,2026-08-19,2771.02,53.98,0.0,Settled,1,None,None,No additional deductions recorded.,0.0,None,unexplainable_settlement_mismatch
ORD000375,CUST0137,2026-08-05,1999,PAY000375,2026-08-05,1999.0,Card,Success,1,SET000375,STLREF-426348,2026-08-06,1959.02,39.98,0.0,Settled,1,None,None,No additional deductions recorded.,0.0,None,normal
ORD000376,CUST0250,2026-08-17,1999,PAY000376,2026-08-17,1999.0,Netbanking,Failed,1,,,,,0.0,0.0,Not Applicable,1,None,None,Payment failed. No settlement expected.,0.0,None,failed_payment
ORD000377,CUST0048,2026-08-30,2999,PAY000377,2026-08-30,2999.0,Netbanking,Success,1,SET000377,STLREF-417878,2026-08-31,2954.02,44.98,0.0,Settled,1,None,None,Settlement processed after standard payment processing fee.,0.0,None,processing_fee
ORD000378,CUST0150,2026-08-13,3999,PAY000378,2026-08-14,3999.0,UPI,Success,1,SET000378,STLREF-221549,2026-08-15,3959.01,39.99,0.0,Settled,1,None,None,No additional deductions recorded.,0.0,None,normal
ORD000379,CUST0178,2026-08-09,799,PAY000379,2026-08-10,799.0,Wallet,Success,1,SET000379,STLREF-139506,2026-08-11,784.62,14.38,0.0,Settled,1,None,None,Settlement processed after standard payment processing fee.,0.0,None,processing_fee
ORD000380,CUST0074,2026-08-14,4999,PAY000380,2026-08-15,4999.0,Netbanking,Success,1,SET000380,STLREF-744895,2026-08-16,4924.02,74.98,0.0,Settled,1,None,None,No additional deductions recorded.,0.0,None,normal
ORD000381,CUST0057,2026-08-27,799,PAY000381,2026-08-27,799.0,Card,Success,1,SET000381,STLREF-405880,2026-08-28,783.02,15.98,0.0,Settled,1,None,None,No additional deductions recorded.,0.0,None,normal
ORD000382,CUST0234,2026-08-04,7499,PAY000382,2026-08-04,7499.0,Wallet,Success,1,SET000382,STLREF-157125,2026-08-05,7364.02,134.98,0.0,Settled,1,None,None,No additional deductions recorded.,0.0,None,normal
ORD000383,CUST0174,2026-08-17,2523,PAY000383,2026-08-18,2523.0,Netbanking,Success,1,,,,,0.0,0.0,Missing,1,None,None,No settlement record available.,0.0,None,missing_settlement
ORD000384,CUST0037,2026-08-28,499,PAY000384,2026-08-29,499.0,UPI,Success,1,SET000384,STLREF-369761,2026-08-30,353.01,4.99,0.0,Settled,1,None,None,No additional deductions recorded.,0.0,None,unexplainable_settlement_mismatch
ORD000385,CUST0136,2026-08-11,14665,PAY000385,2026-08-11,14665.0,UPI,Success,1,SET000385,STLREF-128845,2026-08-12,14518.35,146.65,0.0,Settled,1,None,None,No additional deductions recorded.,0.0,None,normal
ORD000386,CUST0053,2026-08-16,299,PAY000386,2026-08-17,299.0,UPI,Success,1,SET000386,STLREF-123736,2026-08-18,296.01,2.99,0.0,Settled,1,None,None,No additional deductions recorded.,0.0,None,normal
ORD000387,CUST0171,2026-08-20,9999,PAY000387,2026-08-21,8862.0,Netbanking,Success,1,SET000387,STLREF-226501,2026-08-22,8729.07,132.93,0.0,Settled,1,None,None,Settlement amount calculated from recorded payment amount.,0.0,None,payment_amount_mismatch
ORD000388,CUST0006,2026-08-23,299,PAY000388,2026-08-24,299.0,Netbanking,Success,1,SET000388,STLREF-747594,2026-08-25,294.52,4.48,0.0,Settled,1,None,None,No additional deductions recorded.,0.0,None,normal
ORD000389,CUST0292,2026-08-01,13099,PAY000389,2026-08-02,13099.0,Card,Success,1,SET000389,STLREF-672718,2026-08-03,12171.02,261.98,0.0,Settled,1,Manual Deduction,Settlement processing deduction,Manual deduction of INR 666.00 applied during settlement processing.,0.0,None,explainable_settlement_mismatch
ORD000390,CUST0163,2026-08-25,1999,PAY000390,2026-08-25,1999.0,Card,Success,1,SET000390,STLREF-855663,2026-08-26,1959.02,39.98,0.0,Settled,1,None,None,Settlement processed after standard payment processing fee.,0.0,None,processing_fee
ORD000391,CUST0227,2026-08-24,4999,PAY000391,2026-08-25,4999.0,Netbanking,Success,2,SET000391,STLREF-119528,2026-08-26,4924.02,74.98,0.0,Settled,1,None,None,Multiple successful payment records are associated with this order.,0.0,None,duplicate_payment
ORD000392,CUST0268,2026-08-24,9999,PAY000392,2026-08-24,9999.0,Wallet,Success,1,SET000392,STLREF-804662,2026-08-25,9819.02,179.98,0.0,Settled,1,None,None,No additional deductions recorded.,0.0,None,normal
ORD000393,CUST0047,2026-08-18,1499,PAY000393,2026-08-19,1499.0,Netbanking,Success,1,SET000393,STLREF-698162,2026-08-20,1476.52,22.48,0.0,Settled,1,None,None,No additional deductions recorded.,0.0,None,normal
ORD000394,CUST0046,2026-08-08,7499,PAY000394,2026-08-09,7499.0,UPI,Success,1,SET000394,STLREF-458080,2026-08-10,7424.01,74.99,0.0,Settled,1,None,None,No additional deductions recorded.,0.0,None,normal
ORD000395,CUST0088,2026-08-28,2999,PAY000395,2026-08-28,2999.0,UPI,Success,1,SET000395,STLREF-908357,2026-08-29,2969.01,29.99,0.0,Settled,1,None,None,No additional deductions recorded.,0.0,None,normal
ORD000396,CUST0299,2026-08-02,799,PAY000396,2026-08-02,799.0,Netbanking,Success,1,SET000396,STLREF-187500,2026-08-03,787.02,11.98,0.0,Settled,1,None,None,No additional deductions recorded.,0.0,None,normal
ORD000397,CUST0204,2026-08-15,2999,PAY000397,2026-08-15,2999.0,Wallet,Success,2,SET000397,STLREF-809830,2026-08-16,2945.02,53.98,0.0,Settled,1,None,None,Multiple successful payment records are associated with this order.,0.0,None,duplicate_payment
ORD000398,CUST0203,2026-08-06,2999,PAY000398,2026-08-07,2999.0,UPI,Success,1,SET000398,STLREF-298459,2026-08-08,2969.01,29.99,0.0,Settled,1,None,None,No additional deductions recorded.,0.0,None,normal
ORD000399,CUST0059,2026-08-17,2499,PAY000399,2026-08-18,2499.0,Card,Success,1,SET000399,STLREF-490701,2026-08-19,2449.02,49.98,0.0,Settled,1,None,None,No additional deductions recorded.,0.0,None,normal
ORD000400,CUST0249,2026-08-04,12546,PAY000400,2026-08-05,12546.0,Card,Success,1,SET000400,STLREF-309773,2026-08-06,12295.08,250.92,0.0,Settled,1,None,None,No additional deductions recorded.,0.0,None,normal
ORD000401,CUST0068,2026-08-12,9999,PAY000401,2026-08-12,9999.0,Wallet,Success,1,SET000401,STLREF-541826,2026-08-13,9819.02,179.98,0.0,Settled,1,None,None,No additional deductions recorded.,0.0,None,normal
ORD000402,CUST0248,2026-08-17,8671,PAY000402,2026-08-18,8671.0,Wallet,Success,1,SET000402,STLREF-268429,2026-08-19,7991.92,156.08,0.0,Settled,1,None,None,Manual deduction of INR 523.00 applied during settlement processing.,0.0,None,conflicting_settlement_evidence
ORD000403,CUST0277,2026-08-07,999,PAY000403,2026-08-07,999.0,Card,Success,1,SET000403,STLREF-966793,2026-08-08,979.02,19.98,0.0,Settled,2,None,None,Multiple settlement records are associated with this payment.,0.0,None,duplicate_settlement
ORD000404,CUST0223,2026-08-20,999,PAY000404,2026-08-21,999.0,Card,Success,1,SET000404,STLREF-135021,2026-08-22,979.02,19.98,0.0,Settled,1,None,None,No additional deductions recorded.,0.0,None,normal
ORD000405,CUST0248,2026-08-22,999,PAY000405,2026-08-22,999.0,Wallet,Success,1,SET000405,STLREF-364273,2026-08-23,981.02,17.98,0.0,Settled,1,None,None,No additional deductions recorded.,0.0,None,normal
ORD000406,CUST0040,2026-08-02,3883,PAY000406,2026-08-03,3883.0,UPI,Success,1,,,,,0.0,0.0,Missing,1,None,None,No settlement record available.,0.0,None,missing_settlement
ORD000407,CUST0050,2026-08-18,2499,PAY000407,2026-08-19,2499.0,Netbanking,Success,1,SET000407,STLREF-151985,2026-08-20,2128.52,37.48,0.0,Settled,1,Manual Deduction,Settlement processing deduction,Manual deduction of INR 333.00 applied during settlement processing.,0.0,None,explainable_settlement_mismatch
ORD000408,CUST0118,2026-08-22,1999,PAY000408,2026-08-23,1999.0,UPI,Success,1,SET000408,STLREF-979848,2026-08-24,1979.01,19.99,0.0,Settled,1,None,None,No additional deductions recorded.,0.0,None,normal
ORD000409,CUST0288,2026-08-22,1499,PAY000409,2026-08-22,1499.0,Wallet,Success,1,SET000409,STLREF-911530,2026-08-28,1472.02,26.98,0.0,Settled,1,None,None,Settlement processed after the standard settlement window.,0.0,None,delayed_settlement
ORD000410,CUST0178,2026-08-02,2499,PAY000410,2026-08-03,2499.0,UPI,Success,1,SET000410,STLREF-608066,2026-08-04,2474.01,24.99,0.0,Settled,1,None,None,No additional deductions recorded.,0.0,None,normal
ORD000411,CUST0059,2026-08-24,799,PAY000411,2026-08-24,799.0,UPI,Success,1,SET000411,STLREF-419916,2026-08-25,791.01,7.99,0.0,Settled,2,None,None,Multiple settlement records are associated with this payment.,0.0,None,duplicate_settlement
ORD000412,CUST0053,2026-08-22,4999,PAY000412,2026-08-23,4999.0,Wallet,Success,1,SET000412,STLREF-459213,2026-08-24,4909.02,89.98,0.0,Settled,1,None,None,No additional deductions recorded.,0.0,None,normal
ORD000413,CUST0191,2026-08-09,3627,PAY000413,2026-08-09,3627.0,UPI,Success,2,SET000413,STLREF-820799,2026-08-10,3590.73,36.27,0.0,Settled,1,None,None,Multiple successful payment records are associated with this order.,0.0,None,duplicate_payment
ORD000414,CUST0062,2026-08-02,5447,PAY000414,2026-08-03,5447.0,Card,Success,1,SET000414,STLREF-719105,2026-08-04,5338.06,108.94,0.0,Settled,1,None,None,No additional deductions recorded.,0.0,None,normal
ORD000415,CUST0262,2026-08-03,499,PAY000415,2026-08-03,499.0,Netbanking,Success,1,SET000415,STLREF-305314,2026-08-04,491.52,7.48,0.0,Settled,1,None,None,Settlement processed after standard payment processing fee.,0.0,None,processing_fee
ORD000416,CUST0205,2026-08-14,999,PAY000416,2026-08-15,999.0,UPI,Success,1,SET000416,STLREF-897732,2026-08-16,989.01,9.99,0.0,Settled,1,None,None,Settlement processed after standard payment processing fee.,0.0,None,processing_fee
ORD000417,CUST0135,2026-08-27,3999,PAY000417,2026-08-27,3999.0,UPI,Success,1,SET000417,STLREF-230277,2026-08-28,3959.01,39.99,0.0,Settled,1,None,None,No additional deductions recorded.,0.0,None,normal
ORD000418,CUST0136,2026-08-26,12437,PAY000418,2026-08-26,12437.0,Card,Success,1,SET000418,STLREF-217321,2026-08-27,12188.26,248.74,0.0,Settled,1,None,None,No additional deductions recorded.,0.0,None,normal
ORD000419,CUST0239,2026-08-18,2999,PAY000419,2026-08-18,2999.0,Wallet,Success,1,SET000419,STLREF-523642,2026-08-19,2945.02,53.98,0.0,Settled,1,None,None,No additional deductions recorded.,0.0,None,normal
ORD000420,CUST0051,2026-08-18,7462,PAY000420,2026-08-18,7462.0,Wallet,Success,1,SET000420,STLREF-670289,2026-08-19,7327.68,134.32,0.0,Settled,1,None,None,No additional deductions recorded.,0.0,None,normal
ORD000421,CUST0113,2026-08-03,799,PAY000421,2026-08-04,799.0,UPI,Failed,1,,,,,0.0,0.0,Not Applicable,1,None,None,Payment failed. No settlement expected.,0.0,None,failed_payment
ORD000422,CUST0193,2026-08-02,4999,PAY000422,2026-08-02,4999.0,Card,Success,2,SET000422,STLREF-320223,2026-08-03,4899.02,99.98,0.0,Settled,1,None,None,Multiple successful payment records are associated with this order.,0.0,None,duplicate_payment
ORD000423,CUST0094,2026-08-29,7186,PAY000423,2026-08-30,7186.0,UPI,Success,1,SET000423,STLREF-436711,2026-08-31,7114.14,71.86,0.0,Settled,1,None,None,No additional deductions recorded.,0.0,None,normal
ORD000424,CUST0244,2026-08-11,1999,PAY000424,2026-08-12,1999.0,Netbanking,Success,1,SET000424,STLREF-621502,2026-08-17,1969.02,29.98,0.0,Settled,1,None,None,Settlement processed after the standard settlement window.,0.0,None,delayed_settlement
ORD000425,CUST0146,2026-08-09,799,PAY000425,2026-08-10,799.0,Card,Success,1,SET000425,STLREF-312033,2026-08-11,783.02,15.98,0.0,Settled,1,None,None,No additional deductions recorded.,0.0,None,normal
ORD000426,CUST0016,2026-08-08,499,PAY000426,2026-08-09,499.0,Wallet,Success,1,SET000426,STLREF-590734,2026-08-10,490.02,8.98,0.0,Settled,1,None,None,No additional deductions recorded.,0.0,None,normal
ORD000427,CUST0210,2026-08-24,5999,PAY000427,2026-08-25,5999.0,Wallet,Success,1,SET000427,STLREF-925358,2026-08-26,5891.02,107.98,0.0,Settled,1,None,None,No additional deductions recorded.,0.0,None,normal
ORD000428,CUST0254,2026-08-16,299,PAY000428,2026-08-16,299.0,Card,Success,1,SET000428,STLREF-494849,2026-08-17,193.02,5.98,0.0,Settled,1,Manual Deduction,Settlement processing deduction,Manual deduction of INR 100.00 applied during settlement processing.,0.0,None,explainable_settlement_mismatch
ORD000429,CUST0122,2026-08-01,10372,PAY000429,2026-08-02,10372.0,Netbanking,Success,1,SET000429,STLREF-550311,2026-08-03,9361.42,155.58,0.0,Settled,1,None,None,No additional deductions recorded.,0.0,None,unexplainable_settlement_mismatch
ORD000430,CUST0238,2026-08-07,9999,PAY000430,2026-08-08,9999.0,Wallet,Success,1,SET000430,STLREF-896281,2026-08-09,9271.02,179.98,0.0,Settled,1,Manual Deduction,Settlement processing deduction,Manual deduction of INR 548.00 applied during settlement processing.,0.0,None,explainable_settlement_mismatch
ORD000431,CUST0292,2026-08-05,8304,PAY000431,2026-08-05,8304.0,Netbanking,Success,1,SET000431,STLREF-491723,2026-08-06,8179.44,124.56,0.0,Settled,1,None,None,Settlement processed after standard payment processing fee.,0.0,None,processing_fee
ORD000432,CUST0076,2026-08-10,799,PAY000432,2026-08-11,799.0,Card,Success,1,SET000432,STLREF-254399,2026-08-12,783.02,15.98,0.0,Settled,1,None,None,No additional deductions recorded.,0.0,None,normal
ORD000433,CUST0141,2026-08-25,1999,PAY000433,2026-08-25,1878.22,Netbanking,Success,1,SET000433,STLREF-254873,2026-08-26,1850.05,28.17,0.0,Settled,1,None,None,Settlement amount calculated from recorded payment amount.,0.0,None,payment_amount_mismatch
ORD000434,CUST0299,2026-08-26,7499,PAY000434,2026-08-26,7499.0,UPI,Success,1,SET000434,STLREF-559006,2026-08-27,7424.01,74.99,0.0,Settled,1,None,None,No additional deductions recorded.,0.0,None,normal
ORD000435,CUST0088,2026-08-24,9999,PAY000435,2026-08-25,9999.0,Card,Success,1,,,,,0.0,0.0,Missing,1,None,None,No settlement record available.,0.0,None,missing_settlement
ORD000436,CUST0074,2026-08-03,299,PAY000436,2026-08-04,299.0,Netbanking,Success,1,SET000436,STLREF-791092,2026-08-05,294.52,4.48,0.0,Settled,1,None,None,No additional deductions recorded.,0.0,None,normal
ORD000437,CUST0080,2026-08-25,1386,PAY000437,2026-08-26,1135.1,Card,Success,1,SET000437,STLREF-534114,2026-08-27,1112.4,22.7,0.0,Settled,1,None,None,Settlement amount calculated from recorded payment amount.,0.0,None,payment_amount_mismatch
ORD000438,CUST0028,2026-08-30,2499,PAY000438,2026-08-30,2499.0,Netbanking,Success,1,SET000438,STLREF-280324,2026-08-31,1872.52,37.48,0.0,Settled,1,Manual Deduction,Settlement processing deduction,Manual deduction of INR 589.00 applied during settlement processing.,0.0,None,explainable_settlement_mismatch
ORD000439,CUST0171,2026-08-10,799,PAY000439,2026-08-11,799.0,UPI,Success,1,SET000439,STLREF-958964,2026-08-12,568.01,7.99,0.0,Settled,1,None,None,No additional deductions recorded.,0.0,None,unexplainable_settlement_mismatch
ORD000440,CUST0286,2026-08-28,5999,PAY000440,2026-08-29,5999.0,Wallet,Success,1,SET000440,STLREF-470493,2026-08-30,5891.02,107.98,0.0,Settled,1,None,None,No additional deductions recorded.,0.0,None,normal
ORD000441,CUST0257,2026-08-05,7499,PAY000441,2026-08-06,7499.0,UPI,Success,1,SET000441,STLREF-408448,2026-08-07,7424.01,74.99,0.0,Settled,1,None,None,Settlement processed after standard payment processing fee.,0.0,None,processing_fee
ORD000442,CUST0263,2026-08-22,1999,PAY000442,2026-08-23,1999.0,Card,Success,1,SET000442,STLREF-131914,2026-08-24,1959.02,39.98,0.0,Settled,1,None,None,No additional deductions recorded.,0.0,None,normal
ORD000443,CUST0151,2026-08-04,999,PAY000443,2026-08-04,999.0,Netbanking,Success,1,SET000443,STLREF-425314,2026-08-05,984.02,14.98,0.0,Settled,1,None,None,Settlement processed after standard payment processing fee.,0.0,None,processing_fee
ORD000444,CUST0246,2026-08-24,999,PAY000444,2026-08-25,999.0,Netbanking,Success,1,SET000444,STLREF-240887,2026-08-26,984.02,14.98,0.0,Settled,1,None,None,No additional deductions recorded.,0.0,None,normal
ORD000445,CUST0207,2026-08-16,5999,PAY000445,2026-08-17,5999.0,Netbanking,Success,1,SET000445,STLREF-196386,2026-08-18,5909.02,89.98,0.0,Settled,1,None,None,No additional deductions recorded.,0.0,None,normal
ORD000446,CUST0073,2026-08-31,499,PAY000446,2026-08-31,499.0,Netbanking,Success,1,SET000446,STLREF-657713,2026-09-01,491.52,7.48,0.0,Settled,1,None,None,No additional deductions recorded.,0.0,None,normal
ORD000447,CUST0194,2026-08-28,499,PAY000447,2026-08-28,499.0,Wallet,Success,1,SET000447,STLREF-562578,2026-08-29,490.02,8.98,0.0,Settled,1,None,None,No additional deductions recorded.,0.0,None,normal
ORD000448,CUST0166,2026-08-21,1705,PAY000448,2026-08-21,1705.0,Wallet,Success,1,SET000448,STLREF-169548,2026-08-22,1674.31,30.69,0.0,Settled,1,None,None,No additional deductions recorded.,0.0,None,normal
ORD000449,CUST0245,2026-08-22,4999,PAY000449,2026-08-23,4999.0,Card,Success,1,SET000449,STLREF-353073,2026-08-29,4899.02,99.98,0.0,Settled,1,None,None,Settlement processed after the standard settlement window.,0.0,None,delayed_settlement
ORD000450,CUST0048,2026-08-30,5999,PAY000450,2026-08-31,5007.84,Card,Success,1,SET000450,STLREF-811410,2026-09-01,4907.68,100.16,0.0,Settled,1,None,None,Settlement amount calculated from recorded payment amount.,0.0,None,payment_amount_mismatch
ORD000451,CUST0115,2026-08-25,5999,PAY000451,2026-08-25,5999.0,Netbanking,Success,1,SET000451,STLREF-746435,2026-08-26,5909.02,89.98,0.0,Settled,1,None,None,No additional deductions recorded.,0.0,None,normal
ORD000452,CUST0044,2026-08-09,5999,PAY000452,2026-08-09,5999.0,Netbanking,Success,1,SET000452,STLREF-469655,2026-08-10,5909.02,89.98,0.0,Settled,1,None,None,No additional deductions recorded.,0.0,None,normal
ORD000453,CUST0105,2026-08-16,4926,PAY000453,2026-08-16,4926.0,Wallet,Success,1,SET000453,STLREF-902560,2026-08-17,4837.33,88.67,0.0,Settled,1,None,None,No additional deductions recorded.,0.0,None,normal
ORD000454,CUST0272,2026-08-17,9999,PAY000454,2026-08-18,9999.0,Card,Success,1,SET000454,STLREF-935529,2026-08-19,9799.02,199.98,0.0,Settled,1,None,None,Settlement processed after standard payment processing fee.,0.0,None,processing_fee
ORD000455,CUST0203,2026-08-02,5234,PAY000455,2026-08-02,5234.0,Netbanking,Success,1,,,,,0.0,0.0,Missing,1,None,None,No settlement record available.,0.0,None,missing_settlement
ORD000456,CUST0289,2026-08-23,1999,PAY000456,2026-08-23,1999.0,Netbanking,Success,1,SET000456,STLREF-531366,2026-08-26,1969.02,29.98,0.0,Settled,1,None,None,Settlement processed after the standard settlement window.,0.0,None,delayed_settlement
ORD000457,CUST0300,2026-08-13,2499,PAY000457,2026-08-13,2499.0,Wallet,Success,1,SET000457,STLREF-196039,2026-08-14,2454.02,44.98,0.0,Settled,1,None,None,No additional deductions recorded.,0.0,None,normal
ORD000458,CUST0190,2026-08-12,5308,PAY000458,2026-08-13,5308.0,Wallet,Success,1,SET000458,STLREF-443537,2026-08-18,5212.46,95.54,0.0,Settled,1,None,None,Settlement processed after the standard settlement window.,0.0,None,delayed_settlement
ORD000459,CUST0087,2026-08-21,3999,PAY000459,2026-08-21,3999.0,UPI,Success,1,,,,,0.0,0.0,Missing,1,None,None,No settlement record available.,0.0,None,missing_settlement
ORD000460,CUST0203,2026-08-19,999,PAY000460,2026-08-19,999.0,Card,Success,1,SET000460,STLREF-674139,2026-08-20,774.02,19.98,0.0,Settled,1,Manual Deduction,Settlement processing deduction,Manual deduction of INR 205.00 applied during settlement processing.,0.0,None,explainable_settlement_mismatch
ORD000461,CUST0162,2026-08-01,7499,PAY000461,2026-08-01,6722.84,Wallet,Success,1,SET000461,STLREF-814970,2026-08-02,6601.83,121.01,0.0,Settled,1,None,None,Settlement amount calculated from recorded payment amount.,0.0,None,payment_amount_mismatch
ORD000462,CUST0222,2026-08-25,299,PAY000462,2026-08-25,299.0,UPI,Success,1,SET000462,STLREF-552806,2026-08-26,196.01,2.99,0.0,Settled,1,None,None,No additional deductions recorded.,0.0,None,unexplainable_settlement_mismatch
ORD000463,CUST0129,2026-08-17,8144,PAY000463,2026-08-17,8144.0,Wallet,Success,1,SET000463,STLREF-208716,2026-08-18,7004.41,146.59,0.0,Settled,1,None,None,No additional deductions recorded.,0.0,None,unexplainable_settlement_mismatch
ORD000464,CUST0266,2026-08-30,8277,PAY000464,2026-08-30,8277.0,Netbanking,Success,1,SET000464,STLREF-751579,2026-08-31,8152.84,124.16,0.0,Settled,1,None,None,No additional deductions recorded.,0.0,None,normal
ORD000465,CUST0197,2026-08-02,7499,PAY000465,2026-08-03,7499.0,UPI,Success,1,SET000465,STLREF-449360,2026-08-04,6899.01,74.99,0.0,Settled,1,None,None,No additional deductions recorded.,0.0,None,unexplainable_settlement_mismatch
ORD000466,CUST0099,2026-08-28,1499,PAY000466,2026-08-29,1499.0,Netbanking,Success,1,SET000466,STLREF-135931,2026-08-30,1476.52,22.48,0.0,Settled,1,None,None,No additional deductions recorded.,0.0,None,normal
ORD000467,CUST0109,2026-08-31,4999,PAY000467,2026-09-01,4999.0,UPI,Success,1,SET000467,STLREF-829722,2026-09-02,4949.01,49.99,0.0,Settled,1,None,None,No additional deductions recorded.,0.0,None,normal
ORD000468,CUST0006,2026-08-31,11796,PAY000468,2026-09-01,10111.86,UPI,Success,1,SET000468,STLREF-500866,2026-09-02,10010.74,101.12,0.0,Settled,1,None,None,Settlement amount calculated from recorded payment amount.,0.0,None,payment_amount_mismatch
ORD000469,CUST0157,2026-08-21,11564,PAY000469,2026-08-22,11564.0,UPI,Success,1,SET000469,STLREF-552395,2026-08-23,11448.36,115.64,0.0,Settled,1,None,None,No additional deductions recorded.,0.0,None,normal
ORD000470,CUST0197,2026-08-28,4999,PAY000470,2026-08-28,4999.0,Netbanking,Success,1,SET000470,STLREF-336908,2026-08-29,4924.02,74.98,0.0,Settled,2,None,None,Multiple settlement records are associated with this payment.,0.0,None,duplicate_settlement
ORD000471,CUST0028,2026-08-03,999,PAY000471,2026-08-04,999.0,Wallet,Success,1,SET000471,STLREF-802458,2026-08-05,981.02,17.98,0.0,Settled,1,None,None,No additional deductions recorded.,0.0,None,normal
ORD000472,CUST0022,2026-08-17,8618,PAY000472,2026-08-18,8618.0,UPI,Success,1,SET000472,STLREF-991140,2026-08-19,7869.82,86.18,0.0,Settled,1,Manual Deduction,Settlement processing deduction,Manual deduction of INR 662.00 applied during settlement processing.,0.0,None,explainable_settlement_mismatch
ORD000473,CUST0140,2026-08-08,5999,PAY000473,2026-08-08,5999.0,Wallet,Success,1,SET000473,STLREF-595309,2026-08-09,5891.02,107.98,0.0,Settled,1,None,None,No additional deductions recorded.,0.0,None,normal
ORD000474,CUST0229,2026-08-02,13128,PAY000474,2026-08-03,13128.0,UPI,Success,1,SET000474,STLREF-323972,2026-08-04,12996.72,131.28,0.0,Settled,1,None,None,No additional deductions recorded.,0.0,None,normal
ORD000475,CUST0028,2026-08-19,1999,PAY000475,2026-08-20,1999.0,Wallet,Success,1,SET000475,STLREF-513480,2026-08-21,1963.02,35.98,0.0,Settled,1,None,None,No additional deductions recorded.,0.0,None,normal
ORD000476,CUST0230,2026-08-20,799,PAY000476,2026-08-20,799.0,Netbanking,Success,1,SET000476,STLREF-528257,2026-08-21,596.02,11.98,0.0,Settled,1,Manual Deduction,Settlement processing deduction,Manual deduction of INR 191.00 applied during settlement processing.,0.0,None,explainable_settlement_mismatch
ORD000477,CUST0013,2026-08-11,3999,PAY000477,2026-08-12,3999.0,UPI,Success,1,SET000477,STLREF-599879,2026-08-13,3959.01,39.99,0.0,Settled,1,None,None,No additional deductions recorded.,0.0,None,normal
ORD000478,CUST0115,2026-08-03,8966,PAY000478,2026-08-03,8966.0,Netbanking,Success,1,SET000478,STLREF-120175,2026-08-08,8831.51,134.49,0.0,Settled,1,None,None,Settlement processed after the standard settlement window.,0.0,None,delayed_settlement
ORD000479,CUST0027,2026-08-13,10772,PAY000479,2026-08-14,10772.0,Wallet,Success,1,SET000479,STLREF-644530,2026-08-15,10062.1,193.9,0.0,Settled,1,None,None,Manual deduction of INR 516.00 applied during settlement processing.,0.0,None,conflicting_settlement_evidence
ORD000480,CUST0072,2026-08-13,2499,PAY000480,2026-08-14,2499.0,UPI,Success,2,SET000480,STLREF-925008,2026-08-15,2474.01,24.99,0.0,Settled,1,None,None,Multiple successful payment records are associated with this order.,0.0,None,duplicate_payment
ORD000481,CUST0276,2026-08-16,299,PAY000481,2026-08-16,299.0,Wallet,Success,1,SET000481,STLREF-428692,2026-08-17,293.62,5.38,0.0,Settled,1,None,None,No additional deductions recorded.,0.0,None,normal
ORD000482,CUST0126,2026-08-29,999,PAY000482,2026-08-30,999.0,Netbanking,Success,1,SET000482,STLREF-770004,2026-08-31,826.02,14.98,0.0,Settled,1,Manual Deduction,Settlement processing deduction,Manual deduction of INR 158.00 applied during settlement processing.,0.0,None,explainable_settlement_mismatch
ORD000483,CUST0084,2026-08-17,5999,PAY000483,2026-08-17,5999.0,Wallet,Success,1,SET000483,STLREF-977630,2026-08-18,5891.02,107.98,0.0,Settled,1,None,None,No additional deductions recorded.,0.0,None,normal
ORD000484,CUST0222,2026-08-07,999,PAY000484,2026-08-08,999.0,Netbanking,Success,1,SET000484,STLREF-521249,2026-08-09,984.02,14.98,0.0,Settled,1,None,None,No additional deductions recorded.,0.0,None,normal
ORD000485,CUST0255,2026-08-23,1499,PAY000485,2026-08-23,1499.0,Card,Success,1,SET000485,STLREF-931278,2026-08-24,1469.02,29.98,0.0,Settled,1,None,None,No additional deductions recorded.,0.0,None,normal
ORD000486,CUST0212,2026-08-09,2999,PAY000486,2026-08-10,2999.0,UPI,Success,1,SET000486,STLREF-659688,2026-08-11,2969.01,29.99,0.0,Settled,1,None,None,No additional deductions recorded.,0.0,None,normal
ORD000487,CUST0123,2026-08-17,10018,PAY000487,2026-08-18,10018.0,Netbanking,Success,1,SET000487,STLREF-654935,2026-08-19,9867.73,150.27,0.0,Settled,1,None,None,No additional deductions recorded.,0.0,None,normal
ORD000488,CUST0130,2026-08-25,14900,PAY000488,2026-08-26,14900.0,Wallet,Success,1,SET000488,STLREF-208881,2026-08-27,14631.8,268.2,0.0,Settled,1,None,None,No additional deductions recorded.,0.0,None,normal
ORD000489,CUST0064,2026-08-08,1499,PAY000489,2026-08-08,1499.0,Netbanking,Success,1,SET000489,STLREF-261464,2026-08-09,1476.52,22.48,0.0,Settled,1,None,None,No additional deductions recorded.,0.0,None,normal
ORD000490,CUST0297,2026-08-13,9999,PAY000490,2026-08-13,9999.0,Netbanking,Success,1,SET000490,STLREF-545154,2026-08-14,9849.02,149.98,0.0,Settled,1,None,None,No additional deductions recorded.,0.0,None,normal
ORD000491,CUST0046,2026-08-24,9999,PAY000491,2026-08-24,9999.0,Wallet,Success,1,SET000491,STLREF-189527,2026-08-25,9241.02,179.98,0.0,Settled,1,None,None,Manual deduction of INR 578.00 applied during settlement processing.,0.0,None,conflicting_settlement_evidence
ORD000492,CUST0209,2026-08-05,7499,PAY000492,2026-08-05,7499.0,Card,Success,1,SET000492,STLREF-758220,2026-08-06,7349.02,149.98,0.0,Settled,1,None,None,No additional deductions recorded.,0.0,None,normal
ORD000493,CUST0010,2026-08-21,7538,PAY000493,2026-08-21,7538.0,Card,Success,2,SET000493,STLREF-110991,2026-08-22,7387.24,150.76,0.0,Settled,1,None,None,Multiple successful payment records are associated with this order.,0.0,None,duplicate_payment
ORD000494,CUST0268,2026-08-30,5999,PAY000494,2026-08-31,5999.0,Card,Success,1,SET000494,STLREF-998626,2026-09-01,5879.02,119.98,0.0,Settled,1,None,None,No additional deductions recorded.,0.0,None,normal
ORD000495,CUST0278,2026-08-30,11826,PAY000495,2026-08-30,11826.0,Card,Success,1,SET000495,STLREF-792213,2026-08-31,11145.48,236.52,0.0,Settled,1,Manual Deduction,Settlement processing deduction,Manual deduction of INR 444.00 applied during settlement processing.,0.0,None,explainable_settlement_mismatch
ORD000496,CUST0163,2026-08-21,2999,PAY000496,2026-08-22,2999.0,UPI,Success,1,SET000496,STLREF-108629,2026-08-26,2969.01,29.99,0.0,Settled,1,None,None,Settlement processed after the standard settlement window.,0.0,None,delayed_settlement
ORD000497,CUST0179,2026-08-30,1326,PAY000497,2026-08-31,1246.19,Netbanking,Success,1,SET000497,STLREF-366284,2026-09-01,1227.5,18.69,0.0,Settled,1,None,None,Settlement amount calculated from recorded payment amount.,0.0,None,payment_amount_mismatch
ORD000498,CUST0107,2026-08-10,5999,PAY000498,2026-08-11,5999.0,Netbanking,Success,1,SET000498,STLREF-930676,2026-08-12,5261.02,89.98,0.0,Settled,1,Manual Deduction,Settlement processing deduction,Manual deduction of INR 648.00 applied during settlement processing.,0.0,None,explainable_settlement_mismatch
ORD000499,CUST0058,2026-08-11,299,PAY000499,2026-08-12,260.57,UPI,Success,1,SET000499,STLREF-203643,2026-08-13,257.96,2.61,0.0,Settled,1,None,None,Settlement amount calculated from recorded payment amount.,0.0,None,payment_amount_mismatch
ORD000500,CUST0189,2026-08-31,3325,PAY000500,2026-09-01,3325.0,Netbanking,Success,1,SET000500,STLREF-918916,2026-09-02,3275.12,49.88,0.0,Settled,2,None,None,Multiple settlement records are associated with this payment.,0.0,None,duplicate_settlement
ORD000501,CUST0155,2026-08-24,3456,PAY000501,2026-08-25,3456.0,UPI,Failed,1,,,,,0.0,0.0,Not Applicable,1,None,None,Payment failed. No settlement expected.,0.0,None,failed_payment
ORD000502,CUST0097,2026-08-06,11281,PAY000502,2026-08-07,11281.0,Netbanking,Success,1,SET000502,STLREF-616021,2026-08-08,11111.78,169.22,0.0,Settled,1,None,None,No additional deductions recorded.,0.0,None,normal
ORD000503,CUST0143,2026-08-21,807,PAY000503,2026-08-22,807.0,Netbanking,Success,1,SET000503,STLREF-117154,2026-08-23,794.89,12.11,0.0,Settled,1,None,None,Settlement processed after standard payment processing fee.,0.0,None,processing_fee
ORD000504,CUST0220,2026-08-03,999,PAY000504,2026-08-04,999.0,Netbanking,Success,1,SET000504,STLREF-773313,2026-08-05,984.02,14.98,0.0,Settled,1,None,None,No additional deductions recorded.,0.0,None,normal
ORD000505,CUST0218,2026-08-31,4999,PAY000505,2026-09-01,4999.0,Netbanking,Success,1,SET000505,STLREF-364549,2026-09-02,4924.02,74.98,0.0,Settled,1,None,None,No additional deductions recorded.,0.0,None,normal
ORD000506,CUST0234,2026-08-23,1999,PAY000506,2026-08-24,1999.0,Netbanking,Success,1,SET000506,STLREF-942451,2026-08-25,1969.02,29.98,0.0,Settled,1,None,None,No additional deductions recorded.,0.0,None,normal
ORD000507,CUST0177,2026-08-13,3250,PAY000507,2026-08-14,3250.0,Card,Success,1,SET000507,STLREF-218500,2026-08-15,2597.0,65.0,0.0,Settled,1,Manual Deduction,Settlement processing deduction,Manual deduction of INR 588.00 applied during settlement processing.,0.0,None,explainable_settlement_mismatch
ORD000508,CUST0113,2026-08-09,799,PAY000508,2026-08-10,799.0,Wallet,Success,1,SET000508,STLREF-787391,2026-08-11,784.62,14.38,0.0,Settled,1,None,None,No additional deductions recorded.,0.0,None,normal
ORD000509,CUST0022,2026-08-02,10359,PAY000509,2026-08-02,10359.0,Card,Success,1,,,,,0.0,0.0,Missing,1,None,None,No settlement record available.,0.0,None,missing_settlement
ORD000510,CUST0238,2026-08-16,1795,PAY000510,2026-08-17,1795.0,Netbanking,Success,1,SET000510,STLREF-270240,2026-08-18,1768.07,26.93,0.0,Settled,1,None,None,No additional deductions recorded.,0.0,None,normal
ORD000511,CUST0139,2026-08-11,2999,PAY000511,2026-08-11,2999.0,Netbanking,Success,1,SET000511,STLREF-504651,2026-08-12,2586.02,44.98,0.0,Settled,1,None,None,No additional deductions recorded.,0.0,None,unexplainable_settlement_mismatch
ORD000512,CUST0207,2026-08-14,7499,PAY000512,2026-08-14,7499.0,Wallet,Success,1,SET000512,STLREF-735360,2026-08-15,7364.02,134.98,0.0,Settled,1,None,None,No additional deductions recorded.,0.0,None,normal
ORD000513,CUST0074,2026-08-03,3999,PAY000513,2026-08-04,3999.0,Card,Success,1,SET000513,STLREF-506897,2026-08-05,3919.02,79.98,0.0,Settled,1,None,None,Settlement processed after standard payment processing fee.,0.0,None,processing_fee
ORD000514,CUST0208,2026-08-28,499,PAY000514,2026-08-28,499.0,UPI,Success,1,SET000514,STLREF-889301,2026-08-29,384.01,4.99,0.0,Settled,1,None,None,Manual deduction of INR 110.00 applied during settlement processing.,0.0,None,conflicting_settlement_evidence
ORD000515,CUST0065,2026-08-08,13516,PAY000515,2026-08-09,13516.0,Card,Success,2,SET000515,STLREF-724569,2026-08-10,13245.68,270.32,0.0,Settled,1,None,None,Multiple successful payment records are associated with this order.,0.0,None,duplicate_payment
ORD000516,CUST0101,2026-08-11,4999,PAY000516,2026-08-12,4999.0,UPI,Success,2,SET000516,STLREF-854196,2026-08-13,4949.01,49.99,0.0,Settled,1,None,None,Multiple successful payment records are associated with this order.,0.0,None,duplicate_payment
ORD000517,CUST0270,2026-08-20,5999,PAY000517,2026-08-20,5999.0,Netbanking,Success,1,SET000517,STLREF-121350,2026-08-21,5909.02,89.98,0.0,Settled,1,None,None,No additional deductions recorded.,0.0,None,normal
ORD000518,CUST0224,2026-08-15,3999,PAY000518,2026-08-16,3999.0,Netbanking,Success,1,SET000518,STLREF-573117,2026-08-17,3939.02,59.98,0.0,Settled,1,None,None,Settlement processed after standard payment processing fee.,0.0,None,processing_fee
ORD000519,CUST0293,2026-08-09,5120,PAY000519,2026-08-09,5120.0,UPI,Success,1,SET000519,STLREF-186397,2026-08-12,5068.8,51.2,0.0,Settled,1,None,None,Settlement processed after the standard settlement window.,0.0,None,delayed_settlement
ORD000520,CUST0040,2026-08-01,9999,PAY000520,2026-08-01,9999.0,Wallet,Success,1,SET000520,STLREF-967638,2026-08-02,9819.02,179.98,0.0,Settled,1,None,None,No additional deductions recorded.,0.0,None,normal
ORD000521,CUST0046,2026-08-17,5999,PAY000521,2026-08-17,5999.0,UPI,Success,1,SET000521,STLREF-416464,2026-08-18,5939.01,59.99,0.0,Settled,1,None,None,Settlement processed after standard payment processing fee.,0.0,None,processing_fee
ORD000522,CUST0221,2026-08-20,9999,PAY000522,2026-08-21,9999.0,Card,Success,1,SET000522,STLREF-193035,2026-08-22,9799.02,199.98,0.0,Settled,1,None,None,No additional deductions recorded.,0.0,None,normal
ORD000523,CUST0055,2026-08-20,13912,PAY000523,2026-08-21,13912.0,Wallet,Success,1,SET000523,STLREF-359315,2026-08-22,13661.58,250.42,0.0,Settled,1,None,None,No additional deductions recorded.,0.0,None,normal
ORD000524,CUST0241,2026-08-23,10821,PAY000524,2026-08-23,10821.0,UPI,Success,1,SET000524,STLREF-482345,2026-08-24,10712.79,108.21,0.0,Settled,1,None,None,No additional deductions recorded.,0.0,None,normal
ORD000525,CUST0090,2026-08-04,2499,PAY000525,2026-08-04,2499.0,UPI,Success,1,SET000525,STLREF-167397,2026-08-05,2474.01,24.99,0.0,Settled,1,None,None,No additional deductions recorded.,0.0,None,normal
ORD000526,CUST0069,2026-08-21,7711,PAY000526,2026-08-21,7711.0,Card,Success,1,SET000526,STLREF-282342,2026-08-22,6658.78,154.22,0.0,Settled,1,Manual Deduction,Settlement processing deduction,Manual deduction of INR 898.00 applied during settlement processing.,0.0,None,explainable_settlement_mismatch
ORD000527,CUST0291,2026-08-28,1070,PAY000527,2026-08-28,1070.0,Netbanking,Success,1,SET000527,STLREF-638575,2026-08-29,739.95,16.05,0.0,Settled,1,Manual Deduction,Settlement processing deduction,Manual deduction of INR 314.00 applied during settlement processing.,0.0,None,explainable_settlement_mismatch
ORD000528,CUST0256,2026-08-09,5999,PAY000528,2026-08-09,5999.0,Netbanking,Success,1,SET000528,STLREF-610021,2026-08-10,5909.02,89.98,0.0,Settled,1,None,None,Settlement processed after standard payment processing fee.,0.0,None,processing_fee
ORD000529,CUST0040,2026-08-31,999,PAY000529,2026-09-01,999.0,Netbanking,Success,1,SET000529,STLREF-511398,2026-09-02,984.02,14.98,0.0,Settled,1,None,None,No additional deductions recorded.,0.0,None,normal
ORD000530,CUST0066,2026-08-08,9999,PAY000530,2026-08-08,9999.0,Card,Success,1,SET000530,STLREF-429144,2026-08-09,9799.02,199.98,0.0,Settled,1,None,None,No additional deductions recorded.,0.0,None,normal
ORD000531,CUST0202,2026-08-14,3123,PAY000531,2026-08-14,3123.0,Netbanking,Success,1,SET000531,STLREF-792959,2026-08-15,2432.16,46.84,0.0,Settled,1,None,None,Manual deduction of INR 644.00 applied during settlement processing.,0.0,None,conflicting_settlement_evidence
ORD000532,CUST0188,2026-08-25,299,PAY000532,2026-08-26,299.0,Card,Success,1,SET000532,STLREF-386816,2026-08-27,293.02,5.98,0.0,Settled,1,None,None,No additional deductions recorded.,0.0,None,normal
ORD000533,CUST0057,2026-08-31,5999,PAY000533,2026-08-31,5999.0,UPI,Success,1,SET000533,STLREF-976121,2026-09-01,5939.01,59.99,0.0,Settled,1,None,None,No additional deductions recorded.,0.0,None,normal
ORD000534,CUST0232,2026-08-22,5999,PAY000534,2026-08-22,5999.0,Wallet,Success,1,SET000534,STLREF-938353,2026-08-23,4963.02,107.98,0.0,Settled,1,Manual Deduction,Settlement processing deduction,Manual deduction of INR 928.00 applied during settlement processing.,0.0,None,explainable_settlement_mismatch
ORD000535,CUST0150,2026-08-29,999,PAY000535,2026-08-30,999.0,UPI,Success,1,SET000535,STLREF-643023,2026-08-31,772.01,9.99,0.0,Settled,1,Manual Deduction,Settlement processing deduction,Manual deduction of INR 217.00 applied during settlement processing.,0.0,None,explainable_settlement_mismatch
ORD000536,CUST0227,2026-08-04,299,PAY000536,2026-08-04,299.0,UPI,Success,1,SET000536,STLREF-435629,2026-08-05,296.01,2.99,0.0,Settled,1,None,None,No additional deductions recorded.,0.0,None,normal
ORD000537,CUST0198,2026-08-04,499,PAY000537,2026-08-05,499.0,UPI,Success,1,SET000537,STLREF-276105,2026-08-06,494.01,4.99,0.0,Settled,1,None,None,No additional deductions recorded.,0.0,None,normal
ORD000538,CUST0059,2026-08-16,5884,PAY000538,2026-08-17,5884.0,Card,Success,1,SET000538,STLREF-464527,2026-08-18,5766.32,117.68,0.0,Settled,1,None,None,Settlement processed after standard payment processing fee.,0.0,None,processing_fee
ORD000539,CUST0130,2026-08-20,11874,PAY000539,2026-08-21,11874.0,Card,Success,1,SET000539,STLREF-419822,2026-08-22,11186.52,237.48,0.0,Settled,1,Manual Deduction,Settlement processing deduction,Manual deduction of INR 450.00 applied during settlement processing.,0.0,None,explainable_settlement_mismatch
ORD000540,CUST0288,2026-08-13,9867,PAY000540,2026-08-14,9867.0,Wallet,Failed,1,,,,,0.0,0.0,Not Applicable,1,None,None,Payment failed. No settlement expected.,0.0,None,failed_payment
ORD000541,CUST0294,2026-08-05,3523,PAY000541,2026-08-05,3523.0,UPI,Success,1,SET000541,STLREF-194072,2026-08-06,3487.77,35.23,0.0,Settled,1,None,None,No additional deductions recorded.,0.0,None,normal
ORD000542,CUST0139,2026-08-12,3683,PAY000542,2026-08-13,3683.0,Card,Success,1,SET000542,STLREF-754061,2026-08-14,3609.34,73.66,0.0,Settled,1,None,None,No additional deductions recorded.,0.0,None,normal
ORD000543,CUST0214,2026-08-18,2499,PAY000543,2026-08-19,2499.0,Card,Failed,1,,,,,0.0,0.0,Not Applicable,1,None,None,Payment failed. No settlement expected.,0.0,None,failed_payment
ORD000544,CUST0024,2026-08-05,999,PAY000544,2026-08-06,999.0,Netbanking,Success,1,SET000544,STLREF-854729,2026-08-07,984.02,14.98,0.0,Settled,1,None,None,No additional deductions recorded.,0.0,None,normal
ORD000545,CUST0300,2026-08-12,2499,PAY000545,2026-08-12,2499.0,Card,Success,1,SET000545,STLREF-232618,2026-08-13,2449.02,49.98,0.0,Settled,1,None,None,No additional deductions recorded.,0.0,None,normal
ORD000546,CUST0087,2026-08-17,12335,PAY000546,2026-08-17,12335.0,UPI,Success,1,SET000546,STLREF-302604,2026-08-18,11649.65,123.35,0.0,Settled,1,Manual Deduction,Settlement processing deduction,Manual deduction of INR 562.00 applied during settlement processing.,0.0,None,explainable_settlement_mismatch
ORD000547,CUST0130,2026-08-31,3999,PAY000547,2026-09-01,3999.0,Wallet,Success,1,SET000547,STLREF-483702,2026-09-02,3927.02,71.98,0.0,Settled,1,None,None,Settlement processed after standard payment processing fee.,0.0,None,processing_fee
ORD000548,CUST0114,2026-08-25,499,PAY000548,2026-08-26,499.0,Card,Success,1,SET000548,STLREF-968705,2026-08-27,489.02,9.98,0.0,Settled,1,None,None,No additional deductions recorded.,0.0,None,normal
ORD000549,CUST0285,2026-08-28,2999,PAY000549,2026-08-29,2999.0,Netbanking,Success,1,SET000549,STLREF-652943,2026-08-30,2954.02,44.98,0.0,Settled,1,None,None,Settlement processed after standard payment processing fee.,0.0,None,processing_fee
ORD000550,CUST0098,2026-08-31,2999,PAY000550,2026-08-31,2999.0,Netbanking,Success,1,,,,,0.0,0.0,Missing,1,None,None,No settlement record available.,0.0,None,missing_settlement
ORD000551,CUST0064,2026-08-11,5999,PAY000551,2026-08-12,5534.04,Card,Success,1,SET000551,STLREF-966679,2026-08-13,5423.36,110.68,0.0,Settled,1,None,None,Settlement amount calculated from recorded payment amount.,0.0,None,payment_amount_mismatch
ORD000552,CUST0082,2026-08-25,2499,PAY000552,2026-08-25,2499.0,Netbanking,Success,1,SET000552,STLREF-339447,2026-08-26,2461.52,37.48,0.0,Settled,1,None,None,No additional deductions recorded.,0.0,None,normal
ORD000553,CUST0243,2026-08-27,999,PAY000553,2026-08-27,999.0,Card,Success,1,SET000553,STLREF-478197,2026-08-28,979.02,19.98,0.0,Settled,1,None,None,No additional deductions recorded.,0.0,None,normal
ORD000554,CUST0271,2026-08-21,3999,PAY000554,2026-08-21,3999.0,Wallet,Success,1,SET000554,STLREF-279634,2026-08-22,3927.02,71.98,0.0,Settled,1,None,None,Settlement processed after standard payment processing fee.,0.0,None,processing_fee
ORD000555,CUST0224,2026-08-28,3122,PAY000555,2026-08-28,3122.0,Netbanking,Success,1,SET000555,STLREF-509881,2026-09-04,3075.17,46.83,0.0,Settled,1,None,None,Settlement processed after the standard settlement window.,0.0,None,delayed_settlement
ORD000556,CUST0293,2026-08-31,2556,PAY000556,2026-08-31,2556.0,Wallet,Success,1,SET000556,STLREF-348439,2026-09-01,2509.99,46.01,0.0,Settled,1,None,None,No additional deductions recorded.,0.0,None,normal
ORD000557,CUST0244,2026-08-26,2499,PAY000557,2026-08-26,2499.0,Netbanking,Success,1,SET000557,STLREF-581180,2026-08-27,2461.52,37.48,0.0,Settled,1,None,None,Settlement processed after standard payment processing fee.,0.0,None,processing_fee
ORD000558,CUST0279,2026-08-18,11628,PAY000558,2026-08-19,11628.0,Wallet,Success,1,SET000558,STLREF-668522,2026-08-20,10801.7,209.3,0.0,Settled,1,None,None,Manual deduction of INR 617.00 applied during settlement processing.,0.0,None,conflicting_settlement_evidence
ORD000559,CUST0101,2026-08-27,799,PAY000559,2026-08-28,799.0,UPI,Success,1,SET000559,STLREF-419814,2026-08-29,791.01,7.99,0.0,Settled,1,None,None,No additional deductions recorded.,0.0,None,normal
ORD000560,CUST0049,2026-08-01,607,PAY000560,2026-08-01,607.0,Wallet,Success,1,SET000560,STLREF-693973,2026-08-02,596.07,10.93,0.0,Settled,1,None,None,No additional deductions recorded.,0.0,None,normal
ORD000561,CUST0069,2026-08-19,5999,PAY000561,2026-08-20,5999.0,UPI,Success,1,SET000561,STLREF-510307,2026-08-21,5939.01,59.99,0.0,Settled,1,None,None,No additional deductions recorded.,0.0,None,normal
ORD000562,CUST0182,2026-08-01,7499,PAY000562,2026-08-02,7499.0,Card,Success,1,SET000562,STLREF-157820,2026-08-03,7349.02,149.98,0.0,Settled,1,None,None,Settlement processed after standard payment processing fee.,0.0,None,processing_fee
ORD000563,CUST0115,2026-08-05,5999,PAY000563,2026-08-05,5999.0,Card,Success,1,SET000563,STLREF-709905,2026-08-06,5879.02,119.98,0.0,Settled,1,None,None,No additional deductions recorded.,0.0,None,normal
ORD000564,CUST0151,2026-08-26,799,PAY000564,2026-08-26,799.0,Netbanking,Success,1,SET000564,STLREF-544423,2026-08-27,787.02,11.98,0.0,Settled,1,None,None,Settlement processed after standard payment processing fee.,0.0,None,processing_fee
ORD000565,CUST0246,2026-08-30,11792,PAY000565,2026-08-31,11792.0,UPI,Success,1,SET000565,STLREF-121112,2026-09-01,11674.08,117.92,0.0,Settled,1,None,None,No additional deductions recorded.,0.0,None,normal
ORD000566,CUST0259,2026-08-19,799,PAY000566,2026-08-20,799.0,Netbanking,Success,1,SET000566,STLREF-892073,2026-08-21,787.02,11.98,0.0,Settled,1,None,None,No additional deductions recorded.,0.0,None,normal
ORD000567,CUST0004,2026-08-24,499,PAY000567,2026-08-24,499.0,Netbanking,Success,1,SET000567,STLREF-911842,2026-08-25,491.52,7.48,0.0,Settled,1,None,None,Settlement processed after standard payment processing fee.,0.0,None,processing_fee
ORD000568,CUST0192,2026-08-28,12855,PAY000568,2026-08-28,12855.0,UPI,Success,1,SET000568,STLREF-757177,2026-08-29,12726.45,128.55,0.0,Settled,1,None,None,Settlement processed after standard payment processing fee.,0.0,None,processing_fee
ORD000569,CUST0020,2026-08-18,1999,PAY000569,2026-08-19,1999.0,UPI,Success,1,SET000569,STLREF-473797,2026-08-20,1979.01,19.99,0.0,Settled,1,None,None,Settlement processed after standard payment processing fee.,0.0,None,processing_fee
ORD000570,CUST0180,2026-08-23,9999,PAY000570,2026-08-23,9999.0,Netbanking,Success,1,SET000570,STLREF-356367,2026-08-29,9849.02,149.98,0.0,Settled,1,None,None,Settlement processed after the standard settlement window.,0.0,None,delayed_settlement
ORD000571,CUST0151,2026-08-24,10557,PAY000571,2026-08-25,10557.0,Netbanking,Success,1,SET000571,STLREF-648689,2026-08-26,10398.65,158.35,0.0,Settled,1,None,None,No additional deductions recorded.,0.0,None,normal
ORD000572,CUST0245,2026-08-21,2999,PAY000572,2026-08-22,2999.0,Card,Success,1,SET000572,STLREF-713611,2026-08-23,2164.02,59.98,0.0,Settled,1,Manual Deduction,Settlement processing deduction,Manual deduction of INR 775.00 applied during settlement processing.,0.0,None,explainable_settlement_mismatch
ORD000573,CUST0240,2026-08-11,4999,PAY000573,2026-08-12,4999.0,Card,Success,1,SET000573,STLREF-369841,2026-08-13,4560.02,99.98,0.0,Settled,1,Manual Deduction,Settlement processing deduction,Manual deduction of INR 339.00 applied during settlement processing.,0.0,None,explainable_settlement_mismatch
ORD000574,CUST0040,2026-08-09,8770,PAY000574,2026-08-09,8293.24,Card,Success,1,SET000574,STLREF-216053,2026-08-10,8127.38,165.86,0.0,Settled,1,None,None,Settlement amount calculated from recorded payment amount.,0.0,None,payment_amount_mismatch
ORD000575,CUST0212,2026-08-11,7499,PAY000575,2026-08-11,7499.0,UPI,Success,1,,,,,0.0,0.0,Missing,1,None,None,No settlement record available.,0.0,None,missing_settlement
ORD000576,CUST0011,2026-08-06,299,PAY000576,2026-08-06,299.0,Netbanking,Success,1,SET000576,STLREF-159334,2026-08-07,294.52,4.48,0.0,Settled,1,None,None,Settlement processed after standard payment processing fee.,0.0,None,processing_fee
ORD000577,CUST0243,2026-08-23,1724,PAY000577,2026-08-23,1724.0,Netbanking,Success,1,SET000577,STLREF-412369,2026-08-24,1698.14,25.86,0.0,Settled,1,None,None,No additional deductions recorded.,0.0,None,normal
ORD000578,CUST0044,2026-08-30,1499,PAY000578,2026-08-30,1499.0,Netbanking,Success,1,SET000578,STLREF-251843,2026-09-06,1476.52,22.48,0.0,Settled,1,None,None,Settlement processed after the standard settlement window.,0.0,None,delayed_settlement
ORD000579,CUST0299,2026-08-22,299,PAY000579,2026-08-22,299.0,Netbanking,Success,1,SET000579,STLREF-847838,2026-08-23,294.52,4.48,0.0,Settled,1,None,None,Settlement processed after standard payment processing fee.,0.0,None,processing_fee
ORD000580,CUST0149,2026-08-22,299,PAY000580,2026-08-22,299.0,Wallet,Success,1,SET000580,STLREF-979424,2026-08-23,293.62,5.38,0.0,Settled,1,None,None,No additional deductions recorded.,0.0,None,normal
ORD000581,CUST0137,2026-08-25,5999,PAY000581,2026-08-26,5999.0,Wallet,Success,1,SET000581,STLREF-195278,2026-08-27,5891.02,107.98,0.0,Settled,1,None,None,No additional deductions recorded.,0.0,None,normal
ORD000582,CUST0221,2026-08-26,299,PAY000582,2026-08-27,299.0,UPI,Success,1,SET000582,STLREF-245683,2026-08-28,296.01,2.99,0.0,Settled,1,None,None,No additional deductions recorded.,0.0,None,normal
ORD000583,CUST0253,2026-08-23,12470,PAY000583,2026-08-24,12470.0,UPI,Success,1,SET000583,STLREF-118752,2026-08-25,12345.3,124.7,0.0,Settled,1,None,None,No additional deductions recorded.,0.0,None,normal
ORD000584,CUST0073,2026-08-09,5017,PAY000584,2026-08-09,5017.0,Netbanking,Success,1,SET000584,STLREF-575673,2026-08-10,4941.75,75.25,0.0,Settled,1,None,None,Settlement processed after standard payment processing fee.,0.0,None,processing_fee
ORD000585,CUST0088,2026-08-13,1499,PAY000585,2026-08-14,1499.0,Card,Success,1,SET000585,STLREF-976071,2026-08-15,1469.02,29.98,0.0,Settled,1,None,None,No additional deductions recorded.,0.0,None,normal
ORD000586,CUST0276,2026-08-18,2236,PAY000586,2026-08-18,2236.0,UPI,Success,1,SET000586,STLREF-100681,2026-08-19,1802.64,22.36,0.0,Settled,1,Manual Deduction,Settlement processing deduction,Manual deduction of INR 411.00 applied during settlement processing.,0.0,None,explainable_settlement_mismatch
ORD000587,CUST0045,2026-08-15,799,PAY000587,2026-08-15,799.0,Netbanking,Success,1,SET000587,STLREF-887440,2026-08-16,787.02,11.98,0.0,Settled,1,None,None,No additional deductions recorded.,0.0,None,normal
ORD000588,CUST0279,2026-08-30,3999,PAY000588,2026-08-30,3999.0,Card,Success,1,SET000588,STLREF-293482,2026-08-31,3919.02,79.98,0.0,Settled,1,None,None,Settlement processed after standard payment processing fee.,0.0,None,processing_fee
ORD000589,CUST0249,2026-08-12,2499,PAY000589,2026-08-12,2499.0,UPI,Success,1,SET000589,STLREF-188317,2026-08-13,2474.01,24.99,0.0,Settled,1,None,None,No additional deductions recorded.,0.0,None,normal
ORD000590,CUST0108,2026-08-14,11567,PAY000590,2026-08-14,11567.0,Card,Success,1,SET000590,STLREF-119276,2026-08-15,11335.66,231.34,0.0,Settled,1,None,None,No additional deductions recorded.,0.0,None,normal
ORD000591,CUST0135,2026-08-19,4999,PAY000591,2026-08-19,4999.0,Netbanking,Success,2,SET000591,STLREF-578752,2026-08-20,4924.02,74.98,0.0,Settled,1,None,None,Multiple successful payment records are associated with this order.,0.0,None,duplicate_payment
ORD000592,CUST0003,2026-08-21,4999,PAY000592,2026-08-21,4999.0,Netbanking,Success,1,SET000592,STLREF-244678,2026-08-22,4924.02,74.98,0.0,Settled,1,None,None,No additional deductions recorded.,0.0,None,normal
ORD000593,CUST0012,2026-08-28,3028,PAY000593,2026-08-29,3028.0,Netbanking,Failed,1,,,,,0.0,0.0,Not Applicable,1,None,None,Payment failed. No settlement expected.,0.0,None,failed_payment
ORD000594,CUST0180,2026-08-19,299,PAY000594,2026-08-19,299.0,UPI,Success,1,SET000594,STLREF-870064,2026-08-20,296.01,2.99,0.0,Settled,1,None,None,Settlement processed after standard payment processing fee.,0.0,None,processing_fee
ORD000595,CUST0015,2026-08-17,5999,PAY000595,2026-08-18,5999.0,UPI,Success,1,SET000595,STLREF-646917,2026-08-19,4971.01,59.99,0.0,Settled,1,Manual Deduction,Settlement processing deduction,Manual deduction of INR 968.00 applied during settlement processing.,0.0,None,explainable_settlement_mismatch
ORD000596,CUST0166,2026-08-02,299,PAY000596,2026-08-03,299.0,UPI,Success,1,SET000596,STLREF-478963,2026-08-04,196.01,2.99,0.0,Settled,1,None,None,No additional deductions recorded.,0.0,None,unexplainable_settlement_mismatch
ORD000597,CUST0024,2026-08-23,499,PAY000597,2026-08-23,499.0,Card,Success,1,SET000597,STLREF-718901,2026-08-24,489.02,9.98,0.0,Settled,1,None,None,No additional deductions recorded.,0.0,None,normal
ORD000598,CUST0266,2026-08-03,4999,PAY000598,2026-08-03,4999.0,Card,Success,1,SET000598,STLREF-204454,2026-08-04,4899.02,99.98,0.0,Settled,1,None,None,No additional deductions recorded.,0.0,None,normal
ORD000599,CUST0134,2026-08-28,10014,PAY000599,2026-08-29,10014.0,Card,Success,1,,,,,0.0,0.0,Missing,1,None,None,No settlement record available.,0.0,None,missing_settlement
ORD000600,CUST0241,2026-08-03,4999,PAY000600,2026-08-04,4999.0,Netbanking,Success,1,SET000600,STLREF-107523,2026-08-05,4924.02,74.98,0.0,Settled,1,None,None,No additional deductions recorded.,0.0,None,normal
ORD000601,CUST0031,2026-08-26,14927,PAY000601,2026-08-27,14927.0,UPI,Success,1,SET000601,STLREF-597397,2026-09-02,14777.73,149.27,0.0,Settled,1,None,None,Settlement processed after the standard settlement window.,0.0,None,delayed_settlement
ORD000602,CUST0131,2026-08-08,299,PAY000602,2026-08-08,299.0,Card,Success,1,SET000602,STLREF-230406,2026-08-09,293.02,5.98,0.0,Settled,1,None,None,No additional deductions recorded.,0.0,None,normal
ORD000603,CUST0021,2026-08-01,9999,PAY000603,2026-08-02,9999.0,Wallet,Success,2,SET000603,STLREF-785852,2026-08-03,9819.02,179.98,0.0,Settled,1,None,None,Multiple successful payment records are associated with this order.,0.0,None,duplicate_payment
ORD000604,CUST0107,2026-08-25,1999,PAY000604,2026-08-26,1999.0,UPI,Success,1,,,,,0.0,0.0,Missing,1,None,None,No settlement record available.,0.0,None,missing_settlement
ORD000605,CUST0233,2026-08-30,2499,PAY000605,2026-08-30,2499.0,Wallet,Success,2,SET000605,STLREF-832826,2026-08-31,2454.02,44.98,0.0,Settled,1,None,None,Multiple successful payment records are associated with this order.,0.0,None,duplicate_payment
ORD000606,CUST0289,2026-08-18,1999,PAY000606,2026-08-18,1999.0,Card,Success,1,SET000606,STLREF-427300,2026-08-19,1959.02,39.98,0.0,Settled,1,None,None,No additional deductions recorded.,0.0,None,normal
ORD000607,CUST0214,2026-08-12,299,PAY000607,2026-08-12,275.54,UPI,Success,1,SET000607,STLREF-813289,2026-08-13,272.78,2.76,0.0,Settled,1,None,None,Settlement amount calculated from recorded payment amount.,0.0,None,payment_amount_mismatch
ORD000608,CUST0234,2026-08-06,799,PAY000608,2026-08-06,799.0,Card,Success,1,SET000608,STLREF-351951,2026-08-07,565.02,15.98,0.0,Settled,1,None,None,No additional deductions recorded.,0.0,None,unexplainable_settlement_mismatch
ORD000609,CUST0145,2026-08-17,999,PAY000609,2026-08-18,932.8,Netbanking,Success,1,SET000609,STLREF-774163,2026-08-19,918.81,13.99,0.0,Settled,1,None,None,Settlement amount calculated from recorded payment amount.,0.0,None,payment_amount_mismatch
ORD000610,CUST0194,2026-08-11,2633,PAY000610,2026-08-12,2633.0,UPI,Success,1,SET000610,STLREF-163421,2026-08-13,2606.67,26.33,0.0,Settled,1,None,None,No additional deductions recorded.,0.0,None,normal
ORD000611,CUST0141,2026-08-10,499,PAY000611,2026-08-10,499.0,Card,Failed,1,,,,,0.0,0.0,Not Applicable,1,None,None,Payment failed. No settlement expected.,0.0,None,failed_payment
ORD000612,CUST0254,2026-08-25,9999,PAY000612,2026-08-25,9999.0,Netbanking,Success,1,SET000612,STLREF-376294,2026-08-26,9849.02,149.98,0.0,Settled,1,None,None,No additional deductions recorded.,0.0,None,normal
ORD000613,CUST0002,2026-08-11,14883,PAY000613,2026-08-12,14883.0,Card,Success,1,SET000613,STLREF-197211,2026-08-13,14585.34,297.66,0.0,Settled,1,None,None,No additional deductions recorded.,0.0,None,normal
ORD000614,CUST0150,2026-08-13,2499,PAY000614,2026-08-14,2499.0,Card,Success,1,SET000614,STLREF-633283,2026-08-15,2449.02,49.98,0.0,Settled,1,None,None,No additional deductions recorded.,0.0,None,normal
ORD000615,CUST0155,2026-08-14,6253,PAY000615,2026-08-14,6253.0,Netbanking,Success,1,SET000615,STLREF-942236,2026-08-15,6159.2,93.8,0.0,Settled,1,None,None,No additional deductions recorded.,0.0,None,normal
ORD000616,CUST0167,2026-08-30,1061,PAY000616,2026-08-31,1061.0,Netbanking,Success,1,SET000616,STLREF-883792,2026-09-01,1045.09,15.91,0.0,Settled,1,None,None,No additional deductions recorded.,0.0,None,normal
ORD000617,CUST0250,2026-08-17,499,PAY000617,2026-08-18,499.0,Card,Success,1,SET000617,STLREF-106502,2026-08-19,489.02,9.98,0.0,Settled,1,None,None,Settlement processed after standard payment processing fee.,0.0,None,processing_fee
ORD000618,CUST0042,2026-08-08,7499,PAY000618,2026-08-09,7499.0,Wallet,Success,1,SET000618,STLREF-611006,2026-08-10,6547.02,134.98,0.0,Settled,1,None,None,No additional deductions recorded.,0.0,None,unexplainable_settlement_mismatch
ORD000619,CUST0114,2026-08-23,11169,PAY000619,2026-08-24,11169.0,Wallet,Success,1,,,,,0.0,0.0,Missing,1,None,None,No settlement record available.,0.0,None,missing_settlement
ORD000620,CUST0196,2026-08-22,2999,PAY000620,2026-08-22,2999.0,Wallet,Success,1,SET000620,STLREF-765559,2026-08-23,2945.02,53.98,0.0,Settled,1,None,None,No additional deductions recorded.,0.0,None,normal
ORD000621,CUST0271,2026-08-16,1499,PAY000621,2026-08-17,1499.0,Wallet,Success,1,SET000621,STLREF-958741,2026-08-18,1472.02,26.98,0.0,Settled,1,None,None,No additional deductions recorded.,0.0,None,normal
ORD000622,CUST0131,2026-08-31,3999,PAY000622,2026-08-31,3999.0,Card,Success,1,SET000622,STLREF-188510,2026-09-01,3919.02,79.98,0.0,Settled,1,None,None,No additional deductions recorded.,0.0,None,normal
ORD000623,CUST0113,2026-08-24,4999,PAY000623,2026-08-25,4999.0,Card,Success,1,SET000623,STLREF-439201,2026-08-28,4899.02,99.98,0.0,Settled,1,None,None,Settlement processed after the standard settlement window.,0.0,None,delayed_settlement
ORD000624,CUST0291,2026-08-24,799,PAY000624,2026-08-25,799.0,Wallet,Success,1,SET000624,STLREF-698355,2026-08-26,784.62,14.38,0.0,Settled,2,None,None,Multiple settlement records are associated with this payment.,0.0,None,duplicate_settlement
ORD000625,CUST0109,2026-08-21,2999,PAY000625,2026-08-21,2999.0,Card,Success,1,SET000625,STLREF-422215,2026-08-28,2939.02,59.98,0.0,Settled,1,None,None,Settlement processed after the standard settlement window.,0.0,None,delayed_settlement
ORD000626,CUST0207,2026-08-11,4999,PAY000626,2026-08-11,4999.0,Wallet,Success,1,SET000626,STLREF-500772,2026-08-12,4693.02,89.98,0.0,Settled,1,None,None,No additional deductions recorded.,0.0,None,unexplainable_settlement_mismatch
ORD000627,CUST0105,2026-08-04,799,PAY000627,2026-08-05,799.0,Card,Success,1,SET000627,STLREF-983501,2026-08-06,783.02,15.98,0.0,Settled,1,None,None,No additional deductions recorded.,0.0,None,normal
ORD000628,CUST0231,2026-08-01,1499,PAY000628,2026-08-02,1499.0,Card,Success,1,SET000628,STLREF-773065,2026-08-03,1469.02,29.98,0.0,Settled,1,None,None,Settlement processed after standard payment processing fee.,0.0,None,processing_fee
ORD000629,CUST0208,2026-08-17,1499,PAY000629,2026-08-18,1499.0,Card,Success,1,SET000629,STLREF-517802,2026-08-19,1201.02,29.98,0.0,Settled,1,None,None,No additional deductions recorded.,0.0,None,unexplainable_settlement_mismatch
ORD000630,CUST0219,2026-08-24,9999,PAY000630,2026-08-25,9155.52,UPI,Success,1,SET000630,STLREF-450274,2026-08-26,9063.96,91.56,0.0,Settled,1,None,None,Settlement amount calculated from recorded payment amount.,0.0,None,payment_amount_mismatch
ORD000631,CUST0069,2026-08-04,13506,PAY000631,2026-08-04,13506.0,Netbanking,Success,1,SET000631,STLREF-162109,2026-08-09,13303.41,202.59,0.0,Settled,1,None,None,Settlement processed after the standard settlement window.,0.0,None,delayed_settlement
ORD000632,CUST0146,2026-08-22,3999,PAY000632,2026-08-22,3999.0,Wallet,Success,1,SET000632,STLREF-905418,2026-08-23,3927.02,71.98,0.0,Settled,1,None,None,No additional deductions recorded.,0.0,None,normal
ORD000633,CUST0158,2026-08-30,3999,PAY000633,2026-08-31,3999.0,UPI,Success,1,SET000633,STLREF-511188,2026-09-06,3959.01,39.99,0.0,Settled,1,None,None,Settlement processed after the standard settlement window.,0.0,None,delayed_settlement
ORD000634,CUST0127,2026-08-09,499,PAY000634,2026-08-10,499.0,UPI,Success,1,SET000634,STLREF-903726,2026-08-11,494.01,4.99,0.0,Settled,1,None,None,No additional deductions recorded.,0.0,None,normal
ORD000635,CUST0016,2026-08-24,9999,PAY000635,2026-08-24,9999.0,Netbanking,Success,1,SET000635,STLREF-824241,2026-08-25,9849.02,149.98,0.0,Settled,1,None,None,Settlement processed after standard payment processing fee.,0.0,None,processing_fee
ORD000636,CUST0265,2026-08-12,11277,PAY000636,2026-08-13,10016.88,UPI,Success,1,SET000636,STLREF-110890,2026-08-14,9916.71,100.17,0.0,Settled,1,None,None,Settlement amount calculated from recorded payment amount.,0.0,None,payment_amount_mismatch
ORD000637,CUST0139,2026-08-27,6849,PAY000637,2026-08-28,6849.0,UPI,Success,1,SET000637,STLREF-700328,2026-08-29,6780.51,68.49,0.0,Settled,1,None,None,No additional deductions recorded.,0.0,None,normal
ORD000638,CUST0089,2026-08-23,9999,PAY000638,2026-08-23,9999.0,UPI,Success,1,SET000638,STLREF-896628,2026-08-24,9899.01,99.99,0.0,Settled,1,None,None,No additional deductions recorded.,0.0,None,normal
ORD000639,CUST0103,2026-08-02,999,PAY000639,2026-08-02,999.0,Wallet,Success,1,SET000639,STLREF-532200,2026-08-03,761.02,17.98,0.0,Settled,1,None,None,No additional deductions recorded.,0.0,None,unexplainable_settlement_mismatch
ORD000640,CUST0277,2026-08-04,11885,PAY000640,2026-08-05,11885.0,Wallet,Success,1,SET000640,STLREF-291085,2026-08-06,11671.07,213.93,0.0,Settled,1,None,None,Settlement processed after standard payment processing fee.,0.0,None,processing_fee
ORD000641,CUST0149,2026-08-20,5999,PAY000641,2026-08-21,5999.0,Netbanking,Success,1,SET000641,STLREF-325151,2026-08-22,5909.02,89.98,0.0,Settled,1,None,None,No additional deductions recorded.,0.0,None,normal
ORD000642,CUST0207,2026-08-08,499,PAY000642,2026-08-08,499.0,Card,Success,1,SET000642,STLREF-516232,2026-08-09,489.02,9.98,0.0,Settled,1,None,None,No additional deductions recorded.,0.0,None,normal
ORD000643,CUST0006,2026-08-30,999,PAY000643,2026-08-30,999.0,Wallet,Success,1,SET000643,STLREF-420982,2026-08-31,981.02,17.98,0.0,Settled,1,None,None,No additional deductions recorded.,0.0,None,normal
ORD000644,CUST0140,2026-08-07,999,PAY000644,2026-08-08,999.0,UPI,Success,1,SET000644,STLREF-554897,2026-08-09,989.01,9.99,0.0,Settled,1,None,None,No additional deductions recorded.,0.0,None,normal
ORD000645,CUST0035,2026-08-28,799,PAY000645,2026-08-28,799.0,Netbanking,Success,1,SET000645,STLREF-262433,2026-08-29,577.02,11.98,0.0,Settled,1,Manual Deduction,Settlement processing deduction,Manual deduction of INR 210.00 applied during settlement processing.,0.0,None,explainable_settlement_mismatch
ORD000646,CUST0256,2026-08-24,9999,PAY000646,2026-08-25,9999.0,UPI,Success,1,SET000646,STLREF-431795,2026-08-26,9899.01,99.99,0.0,Settled,1,None,None,Settlement processed after standard payment processing fee.,0.0,None,processing_fee
ORD000647,CUST0141,2026-08-15,499,PAY000647,2026-08-15,499.0,Netbanking,Success,1,SET000647,STLREF-617572,2026-08-16,491.52,7.48,0.0,Settled,1,None,None,No additional deductions recorded.,0.0,None,normal
ORD000648,CUST0126,2026-08-25,1191,PAY000648,2026-08-26,1085.24,Netbanking,Success,1,SET000648,STLREF-431892,2026-08-27,1068.96,16.28,0.0,Settled,1,None,None,Settlement amount calculated from recorded payment amount.,0.0,None,payment_amount_mismatch
ORD000649,CUST0245,2026-08-05,13955,PAY000649,2026-08-05,12688.68,Card,Success,1,SET000649,STLREF-223885,2026-08-06,12434.91,253.77,0.0,Settled,1,None,None,Settlement amount calculated from recorded payment amount.,0.0,None,payment_amount_mismatch
ORD000650,CUST0072,2026-08-02,3999,PAY000650,2026-08-03,3999.0,Wallet,Success,1,SET000650,STLREF-105909,2026-08-04,3513.02,71.98,0.0,Settled,1,Manual Deduction,Settlement processing deduction,Manual deduction of INR 414.00 applied during settlement processing.,0.0,None,explainable_settlement_mismatch
ORD000651,CUST0003,2026-08-06,8688,PAY000651,2026-08-07,8688.0,UPI,Success,1,SET000651,STLREF-195795,2026-08-08,8601.12,86.88,0.0,Settled,1,None,None,No additional deductions recorded.,0.0,None,normal
ORD000652,CUST0231,2026-08-11,9999,PAY000652,2026-08-12,9999.0,UPI,Success,1,SET000652,STLREF-346617,2026-08-13,9409.01,99.99,0.0,Settled,1,Manual Deduction,Settlement processing deduction,Manual deduction of INR 490.00 applied during settlement processing.,0.0,None,explainable_settlement_mismatch
ORD000653,CUST0267,2026-08-24,4999,PAY000653,2026-08-24,4999.0,UPI,Success,1,SET000653,STLREF-169525,2026-08-25,4949.01,49.99,0.0,Settled,1,None,None,No additional deductions recorded.,0.0,None,normal
ORD000654,CUST0048,2026-08-18,951,PAY000654,2026-08-19,951.0,Wallet,Success,1,,,,,0.0,0.0,Missing,1,None,None,No settlement record available.,0.0,None,missing_settlement
ORD000655,CUST0063,2026-08-12,299,PAY000655,2026-08-12,299.0,UPI,Success,1,SET000655,STLREF-380236,2026-08-15,296.01,2.99,0.0,Settled,1,None,None,Settlement processed after the standard settlement window.,0.0,None,delayed_settlement
ORD000656,CUST0235,2026-08-18,5999,PAY000656,2026-08-19,5999.0,Wallet,Success,1,SET000656,STLREF-850928,2026-08-20,5891.02,107.98,0.0,Settled,1,None,None,No additional deductions recorded.,0.0,None,normal
ORD000657,CUST0062,2026-08-20,10830,PAY000657,2026-08-20,10830.0,Wallet,Success,1,,,,,0.0,0.0,Missing,1,None,None,No settlement record available.,0.0,None,missing_settlement
ORD000658,CUST0088,2026-08-17,7499,PAY000658,2026-08-18,6198.99,Wallet,Success,1,SET000658,STLREF-926250,2026-08-19,6087.41,111.58,0.0,Settled,1,None,None,Settlement amount calculated from recorded payment amount.,0.0,None,payment_amount_mismatch
ORD000659,CUST0273,2026-08-17,2263,PAY000659,2026-08-17,2263.0,Netbanking,Success,1,SET000659,STLREF-853386,2026-08-18,2229.05,33.95,0.0,Settled,1,None,None,Settlement processed after standard payment processing fee.,0.0,None,processing_fee
ORD000660,CUST0254,2026-08-24,1999,PAY000660,2026-08-24,1871.48,Wallet,Success,1,SET000660,STLREF-576938,2026-08-25,1837.79,33.69,0.0,Settled,1,None,None,Settlement amount calculated from recorded payment amount.,0.0,None,payment_amount_mismatch
ORD000661,CUST0039,2026-08-01,9999,PAY000661,2026-08-01,9999.0,Card,Success,1,SET000661,STLREF-216945,2026-08-02,9799.02,199.98,0.0,Settled,1,None,None,No additional deductions recorded.,0.0,None,normal
ORD000662,CUST0255,2026-08-22,1499,PAY000662,2026-08-23,1499.0,UPI,Success,1,SET000662,STLREF-252389,2026-08-24,1484.01,14.99,0.0,Settled,1,None,None,No additional deductions recorded.,0.0,None,normal
ORD000663,CUST0093,2026-08-03,1999,PAY000663,2026-08-03,1999.0,Card,Success,1,SET000663,STLREF-300518,2026-08-04,1959.02,39.98,0.0,Settled,1,None,None,No additional deductions recorded.,0.0,None,normal
ORD000664,CUST0195,2026-08-04,7499,PAY000664,2026-08-04,7499.0,Wallet,Success,1,SET000664,STLREF-888417,2026-08-05,7364.02,134.98,0.0,Settled,1,None,None,No additional deductions recorded.,0.0,None,normal
ORD000665,CUST0069,2026-08-20,6445,PAY000665,2026-08-21,6445.0,UPI,Success,2,SET000665,STLREF-408175,2026-08-22,6380.55,64.45,0.0,Settled,1,None,None,Multiple successful payment records are associated with this order.,0.0,None,duplicate_payment
ORD000666,CUST0228,2026-08-23,999,PAY000666,2026-08-24,999.0,Wallet,Failed,1,,,,,0.0,0.0,Not Applicable,1,None,None,Payment failed. No settlement expected.,0.0,None,failed_payment
ORD000667,CUST0027,2026-08-15,4999,PAY000667,2026-08-16,4999.0,Netbanking,Success,1,SET000667,STLREF-838378,2026-08-23,4924.02,74.98,0.0,Settled,1,None,None,Settlement processed after the standard settlement window.,0.0,None,delayed_settlement
ORD000668,CUST0058,2026-08-03,1499,PAY000668,2026-08-03,1499.0,Netbanking,Failed,1,,,,,0.0,0.0,Not Applicable,1,None,None,Payment failed. No settlement expected.,0.0,None,failed_payment
ORD000669,CUST0281,2026-08-25,499,PAY000669,2026-08-25,499.0,Card,Success,1,SET000669,STLREF-749891,2026-08-26,489.02,9.98,0.0,Settled,1,None,None,No additional deductions recorded.,0.0,None,normal
ORD000670,CUST0085,2026-08-30,5999,PAY000670,2026-08-31,5999.0,UPI,Success,1,SET000670,STLREF-305064,2026-09-01,5939.01,59.99,0.0,Settled,1,None,None,No additional deductions recorded.,0.0,None,normal
ORD000671,CUST0163,2026-08-06,5999,PAY000671,2026-08-07,5999.0,Netbanking,Success,1,SET000671,STLREF-839373,2026-08-08,5909.02,89.98,0.0,Settled,1,None,None,No additional deductions recorded.,0.0,None,normal
ORD000672,CUST0185,2026-08-26,2999,PAY000672,2026-08-26,2999.0,Wallet,Success,1,SET000672,STLREF-248441,2026-08-27,2945.02,53.98,0.0,Settled,1,None,None,No additional deductions recorded.,0.0,None,normal
ORD000673,CUST0179,2026-08-07,1999,PAY000673,2026-08-08,1999.0,Netbanking,Success,1,SET000673,STLREF-607882,2026-08-09,1969.02,29.98,0.0,Settled,1,None,None,No additional deductions recorded.,0.0,None,normal
ORD000674,CUST0051,2026-08-01,6554,PAY000674,2026-08-02,6554.0,Wallet,Success,1,SET000674,STLREF-452300,2026-08-03,6436.03,117.97,0.0,Settled,1,None,None,No additional deductions recorded.,0.0,None,normal
ORD000675,CUST0299,2026-08-29,799,PAY000675,2026-08-30,799.0,Wallet,Success,1,SET000675,STLREF-220666,2026-08-31,784.62,14.38,0.0,Settled,1,None,None,No additional deductions recorded.,0.0,None,normal
ORD000676,CUST0101,2026-08-24,2999,PAY000676,2026-08-25,2999.0,Card,Success,1,,,,,0.0,0.0,Missing,1,None,None,No settlement record available.,0.0,None,missing_settlement
ORD000677,CUST0071,2026-08-28,499,PAY000677,2026-08-28,499.0,Wallet,Failed,1,,,,,0.0,0.0,Not Applicable,1,None,None,Payment failed. No settlement expected.,0.0,None,failed_payment
ORD000678,CUST0135,2026-08-27,799,PAY000678,2026-08-28,799.0,Wallet,Success,1,SET000678,STLREF-827627,2026-08-29,784.62,14.38,0.0,Settled,1,None,None,No additional deductions recorded.,0.0,None,normal
ORD000679,CUST0286,2026-08-27,799,PAY000679,2026-08-28,799.0,Card,Success,1,,,,,0.0,0.0,Missing,1,None,None,No settlement record available.,0.0,None,missing_settlement
ORD000680,CUST0089,2026-08-26,5999,PAY000680,2026-08-26,5999.0,UPI,Success,1,SET000680,STLREF-903444,2026-08-27,5939.01,59.99,0.0,Settled,1,None,None,No additional deductions recorded.,0.0,None,normal
ORD000681,CUST0011,2026-08-28,4999,PAY000681,2026-08-29,4999.0,Netbanking,Success,1,SET000681,STLREF-101090,2026-08-30,4924.02,74.98,0.0,Settled,1,None,None,Settlement processed after standard payment processing fee.,0.0,None,processing_fee
ORD000682,CUST0115,2026-08-08,4999,PAY000682,2026-08-08,4999.0,UPI,Success,1,SET000682,STLREF-567482,2026-08-09,4949.01,49.99,0.0,Settled,1,None,None,No additional deductions recorded.,0.0,None,normal
ORD000683,CUST0165,2026-08-01,2999,PAY000683,2026-08-02,2999.0,UPI,Success,1,SET000683,STLREF-445109,2026-08-03,2969.01,29.99,0.0,Settled,1,None,None,No additional deductions recorded.,0.0,None,normal
ORD000684,CUST0279,2026-08-19,3656,PAY000684,2026-08-20,3656.0,UPI,Success,1,SET000684,STLREF-320904,2026-08-21,3619.44,36.56,0.0,Settled,1,None,None,No additional deductions recorded.,0.0,None,normal
ORD000685,CUST0179,2026-08-18,7499,PAY000685,2026-08-19,7499.0,Card,Success,1,SET000685,STLREF-984500,2026-08-20,7349.02,149.98,0.0,Settled,1,None,None,No additional deductions recorded.,0.0,None,normal
ORD000686,CUST0107,2026-08-18,7135,PAY000686,2026-08-19,7135.0,Card,Success,1,SET000686,STLREF-307707,2026-08-22,6992.3,142.7,0.0,Settled,1,None,None,Settlement processed after the standard settlement window.,0.0,None,delayed_settlement
ORD000687,CUST0154,2026-08-02,9999,PAY000687,2026-08-02,9999.0,UPI,Failed,1,,,,,0.0,0.0,Not Applicable,1,None,None,Payment failed. No settlement expected.,0.0,None,failed_payment
ORD000688,CUST0244,2026-08-20,1499,PAY000688,2026-08-21,1499.0,Wallet,Success,1,SET000688,STLREF-370344,2026-08-24,1472.02,26.98,0.0,Settled,1,None,None,Settlement processed after the standard settlement window.,0.0,None,delayed_settlement
ORD000689,CUST0171,2026-08-03,9999,PAY000689,2026-08-03,9999.0,UPI,Success,1,SET000689,STLREF-334496,2026-08-04,9899.01,99.99,0.0,Settled,1,None,None,Settlement processed after standard payment processing fee.,0.0,None,processing_fee
ORD000690,CUST0253,2026-08-28,5184,PAY000690,2026-08-29,5184.0,Card,Success,1,SET000690,STLREF-752051,2026-08-30,5080.32,103.68,0.0,Settled,1,None,None,No additional deductions recorded.,0.0,None,normal
ORD000691,CUST0154,2026-08-29,7499,PAY000691,2026-08-30,7499.0,Netbanking,Failed,1,,,,,0.0,0.0,Not Applicable,1,None,None,Payment failed. No settlement expected.,0.0,None,failed_payment
ORD000692,CUST0053,2026-08-24,5999,PAY000692,2026-08-25,5999.0,Netbanking,Success,1,SET000692,STLREF-397497,2026-09-01,5909.02,89.98,0.0,Settled,1,None,None,Settlement processed after the standard settlement window.,0.0,None,delayed_settlement
ORD000693,CUST0211,2026-08-14,2499,PAY000693,2026-08-14,2499.0,Wallet,Success,1,SET000693,STLREF-470787,2026-08-15,2454.02,44.98,0.0,Settled,1,None,None,No additional deductions recorded.,0.0,None,normal
ORD000694,CUST0157,2026-08-10,9999,PAY000694,2026-08-10,9999.0,UPI,Success,1,,,,,0.0,0.0,Missing,1,None,None,No settlement record available.,0.0,None,missing_settlement
ORD000695,CUST0289,2026-08-11,9934,PAY000695,2026-08-11,9934.0,Wallet,Success,1,SET000695,STLREF-503195,2026-08-17,9755.19,178.81,0.0,Settled,1,None,None,Settlement processed after the standard settlement window.,0.0,None,delayed_settlement
ORD000696,CUST0160,2026-08-24,10508,PAY000696,2026-08-25,10508.0,Wallet,Success,1,SET000696,STLREF-660927,2026-08-26,10318.86,189.14,0.0,Settled,1,None,None,No additional deductions recorded.,0.0,None,normal
ORD000697,CUST0123,2026-08-14,2266,PAY000697,2026-08-15,2266.0,Netbanking,Success,1,SET000697,STLREF-753397,2026-08-16,2232.01,33.99,0.0,Settled,1,None,None,Settlement processed after standard payment processing fee.,0.0,None,processing_fee
ORD000698,CUST0239,2026-08-26,4999,PAY000698,2026-08-26,4557.41,Netbanking,Success,1,SET000698,STLREF-107447,2026-08-27,4489.05,68.36,0.0,Settled,1,None,None,Settlement amount calculated from recorded payment amount.,0.0,None,payment_amount_mismatch
ORD000699,CUST0149,2026-08-19,5028,PAY000699,2026-08-19,5028.0,Netbanking,Success,2,SET000699,STLREF-753824,2026-08-20,4952.58,75.42,0.0,Settled,1,None,None,Multiple successful payment records are associated with this order.,0.0,None,duplicate_payment
ORD000700,CUST0246,2026-08-13,8543,PAY000700,2026-08-13,6945.88,Netbanking,Success,1,SET000700,STLREF-778182,2026-08-14,6841.69,104.19,0.0,Settled,1,None,None,Settlement amount calculated from recorded payment amount.,0.0,None,payment_amount_mismatch
ORD000701,CUST0027,2026-08-19,7499,PAY000701,2026-08-19,7499.0,Netbanking,Success,1,SET000701,STLREF-829169,2026-08-20,6994.52,112.48,0.0,Settled,1,None,None,No additional deductions recorded.,0.0,None,unexplainable_settlement_mismatch
ORD000702,CUST0254,2026-08-02,6683,PAY000702,2026-08-03,6683.0,Netbanking,Success,1,SET000702,STLREF-350763,2026-08-04,6582.76,100.24,0.0,Settled,1,None,None,No additional deductions recorded.,0.0,None,normal
ORD000703,CUST0072,2026-08-30,1499,PAY000703,2026-08-30,1499.0,Wallet,Success,1,SET000703,STLREF-203047,2026-08-31,1124.02,26.98,0.0,Settled,1,Manual Deduction,Settlement processing deduction,Manual deduction of INR 348.00 applied during settlement processing.,0.0,None,explainable_settlement_mismatch
ORD000704,CUST0130,2026-08-30,7499,PAY000704,2026-08-31,7499.0,Netbanking,Success,1,,,,,0.0,0.0,Missing,1,None,None,No settlement record available.,0.0,None,missing_settlement
ORD000705,CUST0183,2026-08-21,12086,PAY000705,2026-08-21,12086.0,UPI,Success,2,SET000705,STLREF-701004,2026-08-22,11965.14,120.86,0.0,Settled,1,None,None,Multiple successful payment records are associated with this order.,0.0,None,duplicate_payment
ORD000706,CUST0192,2026-08-15,1499,PAY000706,2026-08-16,1244.41,Netbanking,Success,1,SET000706,STLREF-468785,2026-08-17,1225.74,18.67,0.0,Settled,1,None,None,Settlement amount calculated from recorded payment amount.,0.0,None,payment_amount_mismatch
ORD000707,CUST0168,2026-08-31,1999,PAY000707,2026-08-31,1999.0,Wallet,Success,1,SET000707,STLREF-364258,2026-09-01,1963.02,35.98,0.0,Settled,1,None,None,No additional deductions recorded.,0.0,None,normal
ORD000708,CUST0299,2026-08-04,4999,PAY000708,2026-08-05,4999.0,Card,Success,1,SET000708,STLREF-237848,2026-08-06,4899.02,99.98,0.0,Settled,1,None,None,Settlement processed after standard payment processing fee.,0.0,None,processing_fee
ORD000709,CUST0241,2026-08-16,2499,PAY000709,2026-08-17,2499.0,Wallet,Success,1,SET000709,STLREF-700797,2026-08-22,2454.02,44.98,0.0,Settled,1,None,None,Settlement processed after the standard settlement window.,0.0,None,delayed_settlement
ORD000710,CUST0205,2026-08-20,799,PAY000710,2026-08-21,799.0,Netbanking,Success,1,SET000710,STLREF-315816,2026-08-28,787.02,11.98,0.0,Settled,1,None,None,Settlement processed after the standard settlement window.,0.0,None,delayed_settlement
ORD000711,CUST0142,2026-08-11,14164,PAY000711,2026-08-12,14164.0,Netbanking,Success,1,SET000711,STLREF-395165,2026-08-13,13951.54,212.46,0.0,Settled,1,None,None,No additional deductions recorded.,0.0,None,normal
ORD000712,CUST0076,2026-08-17,3999,PAY000712,2026-08-18,3999.0,Netbanking,Failed,1,,,,,0.0,0.0,Not Applicable,1,None,None,Payment failed. No settlement expected.,0.0,None,failed_payment
ORD000713,CUST0055,2026-08-08,11964,PAY000713,2026-08-08,11964.0,Wallet,Success,1,SET000713,STLREF-615293,2026-08-09,11748.65,215.35,0.0,Settled,1,None,None,No additional deductions recorded.,0.0,None,normal
ORD000714,CUST0091,2026-08-07,2499,PAY000714,2026-08-07,2499.0,UPI,Success,1,SET000714,STLREF-756716,2026-08-08,2242.01,24.99,0.0,Settled,1,Manual Deduction,Settlement processing deduction,Manual deduction of INR 232.00 applied during settlement processing.,0.0,None,explainable_settlement_mismatch
ORD000715,CUST0035,2026-08-08,1128,PAY000715,2026-08-08,1128.0,Wallet,Success,1,SET000715,STLREF-101986,2026-08-09,1107.7,20.3,0.0,Settled,1,None,None,No additional deductions recorded.,0.0,None,normal
ORD000716,CUST0069,2026-08-09,4999,PAY000716,2026-08-10,4999.0,Card,Success,1,SET000716,STLREF-328332,2026-08-11,4899.02,99.98,0.0,Settled,1,None,None,Settlement processed after standard payment processing fee.,0.0,None,processing_fee
ORD000717,CUST0040,2026-08-07,4004,PAY000717,2026-08-07,3672.23,UPI,Success,1,SET000717,STLREF-694314,2026-08-08,3635.51,36.72,0.0,Settled,1,None,None,Settlement amount calculated from recorded payment amount.,0.0,None,payment_amount_mismatch
ORD000718,CUST0206,2026-08-24,799,PAY000718,2026-08-25,799.0,UPI,Success,2,SET000718,STLREF-799168,2026-08-26,791.01,7.99,0.0,Settled,1,None,None,Multiple successful payment records are associated with this order.,0.0,None,duplicate_payment
ORD000719,CUST0269,2026-08-17,299,PAY000719,2026-08-18,299.0,UPI,Success,1,SET000719,STLREF-402678,2026-08-19,196.01,2.99,0.0,Settled,1,Manual Deduction,Settlement processing deduction,Manual deduction of INR 100.00 applied during settlement processing.,0.0,None,explainable_settlement_mismatch
ORD000720,CUST0148,2026-08-28,4999,PAY000720,2026-08-29,4999.0,Netbanking,Success,1,SET000720,STLREF-370889,2026-08-30,4924.02,74.98,0.0,Settled,1,None,None,No additional deductions recorded.,0.0,None,normal
ORD000721,CUST0008,2026-08-10,799,PAY000721,2026-08-11,799.0,Netbanking,Success,1,SET000721,STLREF-300475,2026-08-12,787.02,11.98,0.0,Settled,1,None,None,Settlement processed after standard payment processing fee.,0.0,None,processing_fee
ORD000722,CUST0097,2026-08-23,1499,PAY000722,2026-08-23,1499.0,Wallet,Success,1,SET000722,STLREF-168671,2026-08-24,1472.02,26.98,0.0,Settled,1,None,None,No additional deductions recorded.,0.0,None,normal
ORD000723,CUST0115,2026-08-22,11907,PAY000723,2026-08-23,11907.0,UPI,Success,1,SET000723,STLREF-148780,2026-08-24,11787.93,119.07,0.0,Settled,1,None,None,No additional deductions recorded.,0.0,None,normal
ORD000724,CUST0064,2026-08-25,5999,PAY000724,2026-08-25,5999.0,Netbanking,Success,1,SET000724,STLREF-644687,2026-08-26,5909.02,89.98,0.0,Settled,1,None,None,No additional deductions recorded.,0.0,None,normal
ORD000725,CUST0185,2026-08-06,799,PAY000725,2026-08-06,799.0,Card,Success,1,SET000725,STLREF-680181,2026-08-07,783.02,15.98,0.0,Settled,1,None,None,No additional deductions recorded.,0.0,None,normal
ORD000726,CUST0144,2026-08-23,2499,PAY000726,2026-08-23,2499.0,Card,Failed,1,,,,,0.0,0.0,Not Applicable,1,None,None,Payment failed. No settlement expected.,0.0,None,failed_payment
ORD000727,CUST0070,2026-08-15,9999,PAY000727,2026-08-16,9999.0,Card,Success,1,SET000727,STLREF-934635,2026-08-17,9799.02,199.98,0.0,Settled,1,None,None,No additional deductions recorded.,0.0,None,normal
ORD000728,CUST0184,2026-08-26,2999,PAY000728,2026-08-27,2999.0,Card,Success,1,SET000728,STLREF-281108,2026-08-28,2939.02,59.98,0.0,Settled,1,None,None,No additional deductions recorded.,0.0,None,normal
ORD000729,CUST0078,2026-08-20,3999,PAY000729,2026-08-21,3999.0,UPI,Success,1,SET000729,STLREF-633775,2026-08-22,3959.01,39.99,0.0,Settled,1,None,None,No additional deductions recorded.,0.0,None,normal
ORD000730,CUST0103,2026-08-16,13803,PAY000730,2026-08-17,13803.0,Card,Success,1,SET000730,STLREF-760491,2026-08-18,13526.94,276.06,0.0,Settled,1,None,None,No additional deductions recorded.,0.0,None,normal
ORD000731,CUST0050,2026-08-07,5999,PAY000731,2026-08-07,5999.0,Wallet,Success,1,SET000731,STLREF-977897,2026-08-10,5891.02,107.98,0.0,Settled,1,None,None,Settlement processed after the standard settlement window.,0.0,None,delayed_settlement
ORD000732,CUST0039,2026-08-27,6572,PAY000732,2026-08-27,6572.0,Card,Success,1,SET000732,STLREF-693789,2026-08-28,6440.56,131.44,0.0,Settled,1,None,None,Settlement processed after standard payment processing fee.,0.0,None,processing_fee
ORD000733,CUST0103,2026-08-19,1499,PAY000733,2026-08-19,1499.0,Card,Success,1,SET000733,STLREF-905043,2026-08-20,1315.02,29.98,0.0,Settled,1,None,None,No additional deductions recorded.,0.0,None,unexplainable_settlement_mismatch
ORD000734,CUST0214,2026-08-25,799,PAY000734,2026-08-26,799.0,UPI,Success,1,SET000734,STLREF-925726,2026-08-27,791.01,7.99,0.0,Settled,1,None,None,Settlement processed after standard payment processing fee.,0.0,None,processing_fee
ORD000735,CUST0064,2026-08-27,2499,PAY000735,2026-08-28,2023.72,Netbanking,Success,1,SET000735,STLREF-485251,2026-08-29,1993.36,30.36,0.0,Settled,1,None,None,Settlement amount calculated from recorded payment amount.,0.0,None,payment_amount_mismatch
ORD000736,CUST0075,2026-08-11,7499,PAY000736,2026-08-11,7499.0,Wallet,Success,1,SET000736,STLREF-665051,2026-08-12,7364.02,134.98,0.0,Settled,1,None,None,No additional deductions recorded.,0.0,None,normal
ORD000737,CUST0095,2026-08-16,2999,PAY000737,2026-08-17,2999.0,Card,Success,1,SET000737,STLREF-740866,2026-08-18,2939.02,59.98,0.0,Settled,1,None,None,No additional deductions recorded.,0.0,None,normal
ORD000738,CUST0291,2026-08-19,2499,PAY000738,2026-08-19,2499.0,UPI,Success,1,SET000738,STLREF-414536,2026-08-24,2474.01,24.99,0.0,Settled,1,None,None,Settlement processed after the standard settlement window.,0.0,None,delayed_settlement
ORD000739,CUST0175,2026-08-26,1339,PAY000739,2026-08-26,1339.0,UPI,Failed,1,,,,,0.0,0.0,Not Applicable,1,None,None,Payment failed. No settlement expected.,0.0,None,failed_payment
ORD000740,CUST0008,2026-08-24,4999,PAY000740,2026-08-25,4999.0,UPI,Failed,1,,,,,0.0,0.0,Not Applicable,1,None,None,Payment failed. No settlement expected.,0.0,None,failed_payment
ORD000741,CUST0289,2026-08-14,11449,PAY000741,2026-08-15,11449.0,Wallet,Success,1,SET000741,STLREF-398011,2026-08-16,11242.92,206.08,0.0,Settled,1,None,None,No additional deductions recorded.,0.0,None,normal
ORD000742,CUST0217,2026-08-29,799,PAY000742,2026-08-30,799.0,Wallet,Success,1,SET000742,STLREF-333473,2026-08-31,784.62,14.38,0.0,Settled,1,None,None,No additional deductions recorded.,0.0,None,normal
ORD000743,CUST0239,2026-08-22,7499,PAY000743,2026-08-23,7499.0,Wallet,Success,1,SET000743,STLREF-157157,2026-08-30,7364.02,134.98,0.0,Settled,1,None,None,Settlement processed after the standard settlement window.,0.0,None,delayed_settlement
ORD000744,CUST0264,2026-08-09,799,PAY000744,2026-08-10,799.0,Netbanking,Success,1,SET000744,STLREF-474472,2026-08-16,787.02,11.98,0.0,Settled,1,None,None,Settlement processed after the standard settlement window.,0.0,None,delayed_settlement
ORD000745,CUST0125,2026-08-12,1499,PAY000745,2026-08-12,1499.0,Card,Success,1,SET000745,STLREF-495149,2026-08-13,1469.02,29.98,0.0,Settled,1,None,None,No additional deductions recorded.,0.0,None,normal
ORD000746,CUST0222,2026-08-30,999,PAY000746,2026-08-31,999.0,Netbanking,Success,1,SET000746,STLREF-714147,2026-09-01,984.02,14.98,0.0,Settled,1,None,None,No additional deductions recorded.,0.0,None,normal
ORD000747,CUST0106,2026-08-12,4115,PAY000747,2026-08-12,4115.0,Netbanking,Success,1,SET000747,STLREF-832518,2026-08-18,4053.28,61.72,0.0,Settled,1,None,None,Settlement processed after the standard settlement window.,0.0,None,delayed_settlement
ORD000748,CUST0293,2026-08-13,5999,PAY000748,2026-08-14,5999.0,Card,Success,1,SET000748,STLREF-324548,2026-08-15,5879.02,119.98,0.0,Settled,2,None,None,Multiple settlement records are associated with this payment.,0.0,None,duplicate_settlement
ORD000749,CUST0172,2026-08-12,299,PAY000749,2026-08-12,249.3,Netbanking,Success,1,SET000749,STLREF-259943,2026-08-13,245.56,3.74,0.0,Settled,1,None,None,Settlement amount calculated from recorded payment amount.,0.0,None,payment_amount_mismatch
ORD000750,CUST0012,2026-08-23,799,PAY000750,2026-08-23,799.0,UPI,Success,1,SET000750,STLREF-651960,2026-08-24,791.01,7.99,0.0,Settled,1,None,None,No additional deductions recorded.,0.0,None,normal
ORD000751,CUST0177,2026-08-03,999,PAY000751,2026-08-04,999.0,Card,Success,1,SET000751,STLREF-600063,2026-08-05,870.02,19.98,0.0,Settled,1,None,None,No additional deductions recorded.,0.0,None,unexplainable_settlement_mismatch
ORD000752,CUST0011,2026-08-31,2315,PAY000752,2026-08-31,2315.0,Wallet,Success,1,SET000752,STLREF-466081,2026-09-01,2273.33,41.67,0.0,Settled,1,None,None,No additional deductions recorded.,0.0,None,normal
ORD000753,CUST0224,2026-08-18,999,PAY000753,2026-08-19,999.0,UPI,Success,1,SET000753,STLREF-851798,2026-08-20,989.01,9.99,0.0,Settled,1,None,None,No additional deductions recorded.,0.0,None,normal
ORD000754,CUST0273,2026-08-30,8931,PAY000754,2026-08-30,8931.0,Card,Success,1,,,,,0.0,0.0,Missing,1,None,None,No settlement record available.,0.0,None,missing_settlement
ORD000755,CUST0236,2026-08-16,8269,PAY000755,2026-08-17,8269.0,Wallet,Success,1,SET000755,STLREF-116232,2026-08-22,8120.16,148.84,0.0,Settled,1,None,None,Settlement processed after the standard settlement window.,0.0,None,delayed_settlement
ORD000756,CUST0229,2026-08-30,7499,PAY000756,2026-08-31,7499.0,Card,Success,1,SET000756,STLREF-626889,2026-09-01,7349.02,149.98,0.0,Settled,2,None,None,Multiple settlement records are associated with this payment.,0.0,None,duplicate_settlement
ORD000757,CUST0005,2026-08-02,8858,PAY000757,2026-08-02,8858.0,Card,Success,1,SET000757,STLREF-509362,2026-08-03,8680.84,177.16,0.0,Settled,1,None,None,Settlement processed after standard payment processing fee.,0.0,None,processing_fee
ORD000758,CUST0094,2026-08-09,14134,PAY000758,2026-08-09,14134.0,UPI,Success,1,SET000758,STLREF-795546,2026-08-10,13992.66,141.34,0.0,Settled,1,None,None,No additional deductions recorded.,0.0,None,normal
ORD000759,CUST0073,2026-08-10,5999,PAY000759,2026-08-10,5999.0,Card,Success,1,SET000759,STLREF-318804,2026-08-16,5879.02,119.98,0.0,Settled,1,None,None,Settlement processed after the standard settlement window.,0.0,None,delayed_settlement
ORD000760,CUST0057,2026-08-29,2999,PAY000760,2026-08-29,2999.0,Netbanking,Success,1,SET000760,STLREF-481277,2026-09-02,2954.02,44.98,0.0,Settled,1,None,None,Settlement processed after the standard settlement window.,0.0,None,delayed_settlement
ORD000761,CUST0009,2026-08-03,5999,PAY000761,2026-08-04,5999.0,Wallet,Success,1,SET000761,STLREF-174574,2026-08-05,5891.02,107.98,0.0,Settled,1,None,None,No additional deductions recorded.,0.0,None,normal
ORD000762,CUST0212,2026-08-01,2999,PAY000762,2026-08-02,2999.0,UPI,Success,1,SET000762,STLREF-384585,2026-08-03,2969.01,29.99,0.0,Settled,1,None,None,No additional deductions recorded.,0.0,None,normal
ORD000763,CUST0170,2026-08-24,1499,PAY000763,2026-08-25,1234.11,Card,Success,1,SET000763,STLREF-533301,2026-08-26,1209.43,24.68,0.0,Settled,1,None,None,Settlement amount calculated from recorded payment amount.,0.0,None,payment_amount_mismatch
ORD000764,CUST0271,2026-08-04,9999,PAY000764,2026-08-04,9999.0,Netbanking,Success,1,SET000764,STLREF-883383,2026-08-05,9849.02,149.98,0.0,Settled,1,None,None,No additional deductions recorded.,0.0,None,normal
ORD000765,CUST0164,2026-08-09,1999,PAY000765,2026-08-10,1999.0,UPI,Success,1,SET000765,STLREF-927329,2026-08-11,1979.01,19.99,0.0,Settled,1,None,None,Settlement processed after standard payment processing fee.,0.0,None,processing_fee
ORD000766,CUST0123,2026-08-02,11776,PAY000766,2026-08-03,11776.0,Netbanking,Success,1,,,,,0.0,0.0,Missing,1,None,None,No settlement record available.,0.0,None,missing_settlement
ORD000767,CUST0287,2026-08-30,1499,PAY000767,2026-08-31,1499.0,UPI,Success,1,SET000767,STLREF-105343,2026-09-01,1081.01,14.99,0.0,Settled,1,Manual Deduction,Settlement processing deduction,Manual deduction of INR 403.00 applied during settlement processing.,0.0,None,explainable_settlement_mismatch
ORD000768,CUST0120,2026-08-16,499,PAY000768,2026-08-16,499.0,Netbanking,Success,1,SET000768,STLREF-822431,2026-08-17,491.52,7.48,0.0,Settled,1,None,None,No additional deductions recorded.,0.0,None,normal
ORD000769,CUST0049,2026-08-31,2999,PAY000769,2026-09-01,2999.0,Netbanking,Success,1,SET000769,STLREF-320120,2026-09-02,2954.02,44.98,0.0,Settled,1,None,None,No additional deductions recorded.,0.0,None,normal
ORD000770,CUST0247,2026-08-27,1999,PAY000770,2026-08-28,1999.0,Wallet,Success,1,,,,,0.0,0.0,Missing,1,None,None,No settlement record available.,0.0,None,missing_settlement
ORD000771,CUST0205,2026-08-02,9999,PAY000771,2026-08-03,9999.0,Netbanking,Success,1,SET000771,STLREF-666101,2026-08-04,9849.02,149.98,0.0,Settled,1,None,None,No additional deductions recorded.,0.0,None,normal
ORD000772,CUST0234,2026-08-07,4999,PAY000772,2026-08-08,4999.0,Card,Success,1,SET000772,STLREF-371328,2026-08-09,4899.02,99.98,0.0,Settled,1,None,None,No additional deductions recorded.,0.0,None,normal
ORD000773,CUST0117,2026-08-25,299,PAY000773,2026-08-26,299.0,Card,Success,1,SET000773,STLREF-479980,2026-08-27,293.02,5.98,0.0,Settled,1,None,None,No additional deductions recorded.,0.0,None,normal
ORD000774,CUST0017,2026-08-06,1999,PAY000774,2026-08-06,1999.0,Netbanking,Success,1,SET000774,STLREF-981186,2026-08-07,1969.02,29.98,0.0,Settled,1,None,None,No additional deductions recorded.,0.0,None,normal
ORD000775,CUST0009,2026-08-30,12579,PAY000775,2026-08-30,12579.0,Netbanking,Success,1,SET000775,STLREF-302194,2026-08-31,12390.31,188.69,0.0,Settled,1,None,None,No additional deductions recorded.,0.0,None,normal
ORD000776,CUST0112,2026-08-29,799,PAY000776,2026-08-30,799.0,Card,Success,1,SET000776,STLREF-175017,2026-08-31,783.02,15.98,0.0,Settled,1,None,None,No additional deductions recorded.,0.0,None,normal
ORD000777,CUST0280,2026-08-17,5999,PAY000777,2026-08-18,5999.0,Netbanking,Success,1,SET000777,STLREF-528351,2026-08-19,5909.02,89.98,0.0,Settled,1,None,None,No additional deductions recorded.,0.0,None,normal
ORD000778,CUST0256,2026-08-25,1499,PAY000778,2026-08-26,1499.0,Wallet,Success,1,SET000778,STLREF-270133,2026-08-27,1472.02,26.98,0.0,Settled,1,None,None,No additional deductions recorded.,0.0,None,normal
ORD000779,CUST0194,2026-08-10,799,PAY000779,2026-08-11,799.0,UPI,Success,1,SET000779,STLREF-668330,2026-08-12,791.01,7.99,0.0,Settled,1,None,None,No additional deductions recorded.,0.0,None,normal
ORD000780,CUST0176,2026-08-09,299,PAY000780,2026-08-09,299.0,Card,Failed,1,,,,,0.0,0.0,Not Applicable,1,None,None,Payment failed. No settlement expected.,0.0,None,failed_payment
ORD000781,CUST0163,2026-08-03,10991,PAY000781,2026-08-04,10991.0,Wallet,Success,1,SET000781,STLREF-813937,2026-08-05,10793.16,197.84,0.0,Settled,1,None,None,No additional deductions recorded.,0.0,None,normal
ORD000782,CUST0249,2026-08-07,7499,PAY000782,2026-08-07,7499.0,Card,Success,1,SET000782,STLREF-596963,2026-08-08,6874.02,149.98,0.0,Settled,1,None,None,No additional deductions recorded.,0.0,None,unexplainable_settlement_mismatch
ORD000783,CUST0247,2026-08-27,4999,PAY000783,2026-08-27,4999.0,Card,Success,1,SET000783,STLREF-877704,2026-08-28,4899.02,99.98,0.0,Settled,1,None,None,No additional deductions recorded.,0.0,None,normal
ORD000784,CUST0019,2026-08-15,4972,PAY000784,2026-08-16,4972.0,UPI,Success,1,SET000784,STLREF-774131,2026-08-17,4922.28,49.72,0.0,Settled,1,None,None,No additional deductions recorded.,0.0,None,normal
ORD000785,CUST0222,2026-08-27,299,PAY000785,2026-08-28,299.0,Card,Success,1,,,,,0.0,0.0,Missing,1,None,None,No settlement record available.,0.0,None,missing_settlement
ORD000786,CUST0103,2026-08-13,1999,PAY000786,2026-08-14,1999.0,Wallet,Success,1,SET000786,STLREF-998712,2026-08-15,1619.02,35.98,0.0,Settled,1,Manual Deduction,Settlement processing deduction,Manual deduction of INR 344.00 applied during settlement processing.,0.0,None,explainable_settlement_mismatch
ORD000787,CUST0261,2026-08-20,2999,PAY000787,2026-08-21,2999.0,Wallet,Success,1,SET000787,STLREF-326129,2026-08-22,2945.02,53.98,0.0,Settled,1,None,None,No additional deductions recorded.,0.0,None,normal
ORD000788,CUST0059,2026-08-27,5803,PAY000788,2026-08-28,5803.0,Netbanking,Success,1,SET000788,STLREF-709765,2026-08-29,5715.95,87.05,0.0,Settled,1,None,None,No additional deductions recorded.,0.0,None,normal
ORD000789,CUST0043,2026-08-28,2999,PAY000789,2026-08-29,2999.0,Wallet,Success,2,SET000789,STLREF-143540,2026-08-30,2945.02,53.98,0.0,Settled,1,None,None,Multiple successful payment records are associated with this order.,0.0,None,duplicate_payment
ORD000790,CUST0201,2026-08-03,11010,PAY000790,2026-08-03,11010.0,Wallet,Success,1,SET000790,STLREF-998886,2026-08-04,10811.82,198.18,0.0,Settled,1,None,None,No additional deductions recorded.,0.0,None,normal
ORD000791,CUST0039,2026-08-19,9948,PAY000791,2026-08-19,9948.0,Card,Success,1,SET000791,STLREF-271749,2026-08-20,9749.04,198.96,0.0,Settled,1,None,None,Settlement processed after standard payment processing fee.,0.0,None,processing_fee
ORD000792,CUST0027,2026-08-12,5999,PAY000792,2026-08-13,5999.0,Wallet,Success,1,SET000792,STLREF-145735,2026-08-18,5891.02,107.98,0.0,Settled,1,None,None,Settlement processed after the standard settlement window.,0.0,None,delayed_settlement
ORD000793,CUST0069,2026-08-28,499,PAY000793,2026-08-28,499.0,Wallet,Success,2,SET000793,STLREF-941443,2026-08-29,490.02,8.98,0.0,Settled,1,None,None,Multiple successful payment records are associated with this order.,0.0,None,duplicate_payment
ORD000794,CUST0240,2026-08-31,2499,PAY000794,2026-08-31,2499.0,Netbanking,Success,1,SET000794,STLREF-259692,2026-09-06,2461.52,37.48,0.0,Settled,1,None,None,Settlement processed after the standard settlement window.,0.0,None,delayed_settlement
ORD000795,CUST0255,2026-08-04,7499,PAY000795,2026-08-05,7499.0,Card,Success,1,SET000795,STLREF-457065,2026-08-08,7349.02,149.98,0.0,Settled,1,None,None,Settlement processed after the standard settlement window.,0.0,None,delayed_settlement
ORD000796,CUST0297,2026-08-07,799,PAY000796,2026-08-08,799.0,Wallet,Success,1,,,,,0.0,0.0,Missing,1,None,None,No settlement record available.,0.0,None,missing_settlement
ORD000797,CUST0195,2026-08-13,1499,PAY000797,2026-08-13,1499.0,UPI,Success,1,SET000797,STLREF-617645,2026-08-14,1484.01,14.99,0.0,Settled,1,None,None,No additional deductions recorded.,0.0,None,normal
ORD000798,CUST0275,2026-08-17,682,PAY000798,2026-08-18,682.0,Wallet,Success,1,SET000798,STLREF-517676,2026-08-19,669.72,12.28,0.0,Settled,1,None,None,No additional deductions recorded.,0.0,None,normal
ORD000799,CUST0182,2026-08-15,5999,PAY000799,2026-08-15,5999.0,Wallet,Success,1,SET000799,STLREF-365450,2026-08-16,5891.02,107.98,0.0,Settled,1,None,None,No additional deductions recorded.,0.0,None,normal
ORD000800,CUST0208,2026-08-17,499,PAY000800,2026-08-17,499.0,Netbanking,Success,1,SET000800,STLREF-243568,2026-08-18,391.52,7.48,0.0,Settled,1,None,None,Manual deduction of INR 100.00 applied during settlement processing.,0.0,None,conflicting_settlement_evidence
ORD000801,CUST0001,2026-08-15,7499,PAY000801,2026-08-15,7499.0,Card,Success,1,SET000801,STLREF-361376,2026-08-16,7349.02,149.98,0.0,Settled,1,None,None,No additional deductions recorded.,0.0,None,normal
ORD000802,CUST0072,2026-08-27,5999,PAY000802,2026-08-28,5999.0,Wallet,Success,1,SET000802,STLREF-988071,2026-08-29,5891.02,107.98,0.0,Settled,1,None,None,Settlement processed after standard payment processing fee.,0.0,None,processing_fee
ORD000803,CUST0254,2026-08-13,10313,PAY000803,2026-08-14,10313.0,Netbanking,Success,2,SET000803,STLREF-755797,2026-08-15,10158.31,154.69,0.0,Settled,1,None,None,Multiple successful payment records are associated with this order.,0.0,None,duplicate_payment
ORD000804,CUST0009,2026-08-12,799,PAY000804,2026-08-12,799.0,Card,Success,1,SET000804,STLREF-358552,2026-08-13,783.02,15.98,0.0,Settled,1,None,None,No additional deductions recorded.,0.0,None,normal
ORD000805,CUST0270,2026-08-29,499,PAY000805,2026-08-30,499.0,UPI,Success,1,,,,,0.0,0.0,Missing,1,None,None,No settlement record available.,0.0,None,missing_settlement
ORD000806,CUST0153,2026-08-10,11624,PAY000806,2026-08-10,11624.0,Card,Success,2,SET000806,STLREF-126597,2026-08-11,11391.52,232.48,0.0,Settled,1,None,None,Multiple successful payment records are associated with this order.,0.0,None,duplicate_payment
ORD000807,CUST0290,2026-08-25,1999,PAY000807,2026-08-25,1999.0,UPI,Success,1,SET000807,STLREF-793931,2026-08-26,1979.01,19.99,0.0,Settled,1,None,None,No additional deductions recorded.,0.0,None,normal
ORD000808,CUST0107,2026-08-02,8841,PAY000808,2026-08-02,7979.23,Wallet,Success,1,SET000808,STLREF-937873,2026-08-03,7835.6,143.63,0.0,Settled,1,None,None,Settlement amount calculated from recorded payment amount.,0.0,None,payment_amount_mismatch
ORD000809,CUST0221,2026-08-29,4999,PAY000809,2026-08-29,4999.0,Netbanking,Success,1,SET000809,STLREF-528408,2026-08-30,4924.02,74.98,0.0,Settled,1,None,None,Settlement processed after standard payment processing fee.,0.0,None,processing_fee
ORD000810,CUST0194,2026-08-14,9999,PAY000810,2026-08-15,9999.0,UPI,Success,1,SET000810,STLREF-474504,2026-08-16,9899.01,99.99,0.0,Settled,1,None,None,No additional deductions recorded.,0.0,None,normal
ORD000811,CUST0022,2026-08-18,4999,PAY000811,2026-08-18,4999.0,Wallet,Success,1,SET000811,STLREF-825705,2026-08-19,4909.02,89.98,0.0,Settled,1,None,None,No additional deductions recorded.,0.0,None,normal
ORD000812,CUST0029,2026-08-30,799,PAY000812,2026-08-31,799.0,Wallet,Success,2,SET000812,STLREF-712914,2026-09-01,784.62,14.38,0.0,Settled,1,None,None,Multiple successful payment records are associated with this order.,0.0,None,duplicate_payment
ORD000813,CUST0276,2026-08-14,13728,PAY000813,2026-08-15,13728.0,UPI,Success,1,SET000813,STLREF-852063,2026-08-20,13590.72,137.28,0.0,Settled,1,None,None,Settlement processed after the standard settlement window.,0.0,None,delayed_settlement
ORD000814,CUST0289,2026-08-30,299,PAY000814,2026-08-30,299.0,Netbanking,Success,1,SET000814,STLREF-922208,2026-08-31,294.52,4.48,0.0,Settled,1,None,None,No additional deductions recorded.,0.0,None,normal
ORD000815,CUST0288,2026-08-25,13966,PAY000815,2026-08-25,13966.0,Card,Success,1,SET000815,STLREF-420977,2026-08-26,13686.68,279.32,0.0,Settled,1,None,None,No additional deductions recorded.,0.0,None,normal
ORD000816,CUST0284,2026-08-09,8059,PAY000816,2026-08-10,8059.0,Card,Success,1,SET000816,STLREF-275987,2026-08-11,7897.82,161.18,0.0,Settled,1,None,None,No additional deductions recorded.,0.0,None,normal
ORD000817,CUST0205,2026-08-19,8706,PAY000817,2026-08-20,8706.0,Netbanking,Success,1,SET000817,STLREF-684191,2026-08-21,8575.41,130.59,0.0,Settled,1,None,None,No additional deductions recorded.,0.0,None,normal
ORD000818,CUST0264,2026-08-14,1999,PAY000818,2026-08-15,1999.0,UPI,Success,1,SET000818,STLREF-255855,2026-08-16,1979.01,19.99,0.0,Settled,1,None,None,No additional deductions recorded.,0.0,None,normal
ORD000819,CUST0061,2026-08-30,1607,PAY000819,2026-08-30,1607.0,Wallet,Success,1,SET000819,STLREF-485283,2026-08-31,1273.07,28.93,0.0,Settled,1,Manual Deduction,Settlement processing deduction,Manual deduction of INR 305.00 applied during settlement processing.,0.0,None,explainable_settlement_mismatch
ORD000820,CUST0245,2026-08-31,2999,PAY000820,2026-09-01,2999.0,Netbanking,Success,2,SET000820,STLREF-903205,2026-09-02,2954.02,44.98,0.0,Settled,1,None,None,Multiple successful payment records are associated with this order.,0.0,None,duplicate_payment
ORD000821,CUST0103,2026-08-13,799,PAY000821,2026-08-14,799.0,Wallet,Success,1,SET000821,STLREF-194547,2026-08-15,784.62,14.38,0.0,Settled,1,None,None,Settlement processed after standard payment processing fee.,0.0,None,processing_fee
ORD000822,CUST0130,2026-08-09,10326,PAY000822,2026-08-09,10326.0,Netbanking,Success,1,,,,,0.0,0.0,Missing,1,None,None,No settlement record available.,0.0,None,missing_settlement
ORD000823,CUST0106,2026-08-12,1999,PAY000823,2026-08-13,1999.0,UPI,Success,1,SET000823,STLREF-566888,2026-08-14,1979.01,19.99,0.0,Settled,1,None,None,No additional deductions recorded.,0.0,None,normal
ORD000824,CUST0242,2026-08-17,2499,PAY000824,2026-08-18,2499.0,UPI,Success,1,SET000824,STLREF-240069,2026-08-19,1832.01,24.99,0.0,Settled,1,Manual Deduction,Settlement processing deduction,Manual deduction of INR 642.00 applied during settlement processing.,0.0,None,explainable_settlement_mismatch
ORD000825,CUST0010,2026-08-30,1999,PAY000825,2026-08-30,1999.0,UPI,Success,1,SET000825,STLREF-294444,2026-08-31,1979.01,19.99,0.0,Settled,1,None,None,No additional deductions recorded.,0.0,None,normal
ORD000826,CUST0095,2026-08-17,1499,PAY000826,2026-08-17,1499.0,Wallet,Success,1,SET000826,STLREF-811226,2026-08-18,1310.02,26.98,0.0,Settled,1,None,None,Manual deduction of INR 162.00 applied during settlement processing.,0.0,None,conflicting_settlement_evidence
ORD000827,CUST0248,2026-08-30,999,PAY000827,2026-08-30,999.0,Netbanking,Success,1,SET000827,STLREF-273480,2026-08-31,984.02,14.98,0.0,Settled,1,None,None,No additional deductions recorded.,0.0,None,normal
ORD000828,CUST0082,2026-08-05,1221,PAY000828,2026-08-06,1221.0,Card,Success,1,,,,,0.0,0.0,Missing,1,None,None,No settlement record available.,0.0,None,missing_settlement
ORD000829,CUST0183,2026-08-17,8286,PAY000829,2026-08-18,8286.0,Card,Success,1,SET000829,STLREF-259077,2026-08-19,7467.28,165.72,0.0,Settled,1,None,None,Manual deduction of INR 653.00 applied during settlement processing.,0.0,None,conflicting_settlement_evidence
ORD000830,CUST0262,2026-08-14,9999,PAY000830,2026-08-15,9999.0,Card,Success,1,SET000830,STLREF-440377,2026-08-18,9799.02,199.98,0.0,Settled,1,None,None,Settlement processed after the standard settlement window.,0.0,None,delayed_settlement
ORD000831,CUST0185,2026-08-20,436,PAY000831,2026-08-21,436.0,UPI,Success,1,SET000831,STLREF-218748,2026-08-22,431.64,4.36,0.0,Settled,1,None,None,Settlement processed after standard payment processing fee.,0.0,None,processing_fee
ORD000832,CUST0131,2026-08-03,11666,PAY000832,2026-08-03,11666.0,Card,Success,1,SET000832,STLREF-305275,2026-08-04,11432.68,233.32,0.0,Settled,1,None,None,No additional deductions recorded.,0.0,None,normal
ORD000833,CUST0171,2026-08-09,799,PAY000833,2026-08-09,667.46,Card,Success,1,SET000833,STLREF-325625,2026-08-10,654.11,13.35,0.0,Settled,1,None,None,Settlement amount calculated from recorded payment amount.,0.0,None,payment_amount_mismatch
ORD000834,CUST0002,2026-08-03,2999,PAY000834,2026-08-04,2999.0,Wallet,Success,1,SET000834,STLREF-829172,2026-08-05,2945.02,53.98,0.0,Settled,1,None,None,No additional deductions recorded.,0.0,None,normal
ORD000835,CUST0016,2026-08-26,1999,PAY000835,2026-08-27,1853.16,UPI,Success,1,SET000835,STLREF-755213,2026-08-28,1834.63,18.53,0.0,Settled,1,None,None,Settlement amount calculated from recorded payment amount.,0.0,None,payment_amount_mismatch
ORD000836,CUST0023,2026-08-24,799,PAY000836,2026-08-24,799.0,Wallet,Success,1,SET000836,STLREF-520999,2026-08-25,784.62,14.38,0.0,Settled,1,None,None,No additional deductions recorded.,0.0,None,normal
ORD000837,CUST0091,2026-08-11,1499,PAY000837,2026-08-12,1499.0,Netbanking,Success,1,SET000837,STLREF-612462,2026-08-13,1476.52,22.48,0.0,Settled,1,None,None,No additional deductions recorded.,0.0,None,normal
ORD000838,CUST0082,2026-08-20,299,PAY000838,2026-08-21,299.0,Card,Success,1,SET000838,STLREF-737084,2026-08-22,293.02,5.98,0.0,Settled,1,None,None,No additional deductions recorded.,0.0,None,normal
ORD000839,CUST0240,2026-08-25,12468,PAY000839,2026-08-25,12468.0,UPI,Success,1,SET000839,STLREF-782871,2026-08-26,12343.32,124.68,0.0,Settled,1,None,None,No additional deductions recorded.,0.0,None,normal
ORD000840,CUST0004,2026-08-07,4590,PAY000840,2026-08-08,4590.0,UPI,Success,1,SET000840,STLREF-544847,2026-08-09,4544.1,45.9,0.0,Settled,1,None,None,Settlement processed after standard payment processing fee.,0.0,None,processing_fee
ORD000841,CUST0240,2026-08-16,5999,PAY000841,2026-08-17,5999.0,Wallet,Success,1,SET000841,STLREF-876286,2026-08-18,5891.02,107.98,0.0,Settled,1,None,None,No additional deductions recorded.,0.0,None,normal
ORD000842,CUST0219,2026-08-07,5999,PAY000842,2026-08-08,5999.0,Netbanking,Success,1,SET000842,STLREF-743071,2026-08-09,5909.02,89.98,0.0,Settled,1,None,None,No additional deductions recorded.,0.0,None,normal
ORD000843,CUST0111,2026-08-05,2499,PAY000843,2026-08-06,2499.0,UPI,Success,1,SET000843,STLREF-624899,2026-08-07,2474.01,24.99,0.0,Settled,1,None,None,No additional deductions recorded.,0.0,None,normal
ORD000844,CUST0215,2026-08-06,6649,PAY000844,2026-08-06,6649.0,Card,Success,1,SET000844,STLREF-581150,2026-08-07,6516.02,132.98,0.0,Settled,1,None,None,Settlement processed after standard payment processing fee.,0.0,None,processing_fee
ORD000845,CUST0033,2026-08-24,5683,PAY000845,2026-08-24,5683.0,UPI,Success,1,SET000845,STLREF-252326,2026-08-25,4712.17,56.83,0.0,Settled,1,None,None,Manual deduction of INR 914.00 applied during settlement processing.,0.0,None,conflicting_settlement_evidence
ORD000846,CUST0172,2026-08-29,7075,PAY000846,2026-08-30,7075.0,Card,Success,1,SET000846,STLREF-430573,2026-08-31,6933.5,141.5,0.0,Settled,1,None,None,No additional deductions recorded.,0.0,None,normal
ORD000847,CUST0265,2026-08-14,6467,PAY000847,2026-08-15,6467.0,Wallet,Success,1,SET000847,STLREF-789400,2026-08-20,6350.59,116.41,0.0,Settled,1,None,None,Settlement processed after the standard settlement window.,0.0,None,delayed_settlement
ORD000848,CUST0092,2026-08-02,3999,PAY000848,2026-08-02,3999.0,Netbanking,Success,1,SET000848,STLREF-795388,2026-08-03,3939.02,59.98,0.0,Settled,1,None,None,No additional deductions recorded.,0.0,None,normal
ORD000849,CUST0127,2026-08-25,2999,PAY000849,2026-08-26,2999.0,Netbanking,Success,1,SET000849,STLREF-543586,2026-08-27,2954.02,44.98,0.0,Settled,1,None,None,No additional deductions recorded.,0.0,None,normal
ORD000850,CUST0274,2026-08-22,9099,PAY000850,2026-08-23,9099.0,UPI,Success,1,SET000850,STLREF-333168,2026-08-24,8614.01,90.99,0.0,Settled,1,Manual Deduction,Settlement processing deduction,Manual deduction of INR 394.00 applied during settlement processing.,0.0,None,explainable_settlement_mismatch
ORD000851,CUST0156,2026-08-27,499,PAY000851,2026-08-28,499.0,Wallet,Success,1,,,,,0.0,0.0,Missing,1,None,None,No settlement record available.,0.0,None,missing_settlement
ORD000852,CUST0187,2026-08-22,499,PAY000852,2026-08-22,499.0,UPI,Success,1,SET000852,STLREF-238851,2026-08-23,494.01,4.99,0.0,Settled,1,None,None,No additional deductions recorded.,0.0,None,normal
ORD000853,CUST0220,2026-08-30,2999,PAY000853,2026-08-30,2999.0,UPI,Success,1,SET000853,STLREF-646684,2026-08-31,2969.01,29.99,0.0,Settled,1,None,None,No additional deductions recorded.,0.0,None,normal
ORD000854,CUST0136,2026-08-01,299,PAY000854,2026-08-01,299.0,Card,Success,1,SET000854,STLREF-998300,2026-08-02,293.02,5.98,0.0,Settled,1,None,None,No additional deductions recorded.,0.0,None,normal
ORD000855,CUST0167,2026-08-25,8806,PAY000855,2026-08-26,8806.0,Netbanking,Success,1,SET000855,STLREF-699665,2026-08-27,8673.91,132.09,0.0,Settled,1,None,None,No additional deductions recorded.,0.0,None,normal
ORD000856,CUST0031,2026-08-16,9999,PAY000856,2026-08-16,9999.0,Wallet,Success,1,SET000856,STLREF-144846,2026-08-17,9442.02,179.98,0.0,Settled,1,None,None,Manual deduction of INR 377.00 applied during settlement processing.,0.0,None,conflicting_settlement_evidence
ORD000857,CUST0248,2026-08-26,299,PAY000857,2026-08-27,299.0,Wallet,Success,1,SET000857,STLREF-895407,2026-08-28,293.62,5.38,0.0,Settled,1,None,None,No additional deductions recorded.,0.0,None,normal
ORD000858,CUST0233,2026-08-02,499,PAY000858,2026-08-03,499.0,UPI,Success,1,SET000858,STLREF-446388,2026-08-04,365.01,4.99,0.0,Settled,1,None,None,No additional deductions recorded.,0.0,None,unexplainable_settlement_mismatch
ORD000859,CUST0112,2026-08-23,3999,PAY000859,2026-08-23,3632.94,UPI,Success,1,SET000859,STLREF-231893,2026-08-24,3596.61,36.33,0.0,Settled,1,None,None,Settlement amount calculated from recorded payment amount.,0.0,None,payment_amount_mismatch
ORD000860,CUST0243,2026-08-08,11246,PAY000860,2026-08-09,11246.0,Wallet,Success,1,SET000860,STLREF-868748,2026-08-10,10832.57,202.43,0.0,Settled,1,None,None,No additional deductions recorded.,0.0,None,unexplainable_settlement_mismatch
ORD000861,CUST0126,2026-08-08,7499,PAY000861,2026-08-08,7499.0,Netbanking,Success,1,SET000861,STLREF-332161,2026-08-09,7386.52,112.48,0.0,Settled,1,None,None,No additional deductions recorded.,0.0,None,normal
ORD000862,CUST0014,2026-08-11,11270,PAY000862,2026-08-12,11270.0,UPI,Success,1,SET000862,STLREF-316921,2026-08-13,11157.3,112.7,0.0,Settled,2,None,None,Multiple settlement records are associated with this payment.,0.0,None,duplicate_settlement
ORD000863,CUST0206,2026-08-26,986,PAY000863,2026-08-26,986.0,Card,Success,1,SET000863,STLREF-347613,2026-08-27,966.28,19.72,0.0,Settled,1,None,None,No additional deductions recorded.,0.0,None,normal
ORD000864,CUST0290,2026-08-08,3999,PAY000864,2026-08-08,3999.0,Card,Success,1,SET000864,STLREF-818629,2026-08-09,3919.02,79.98,0.0,Settled,1,None,None,No additional deductions recorded.,0.0,None,normal
ORD000865,CUST0242,2026-08-13,2499,PAY000865,2026-08-14,2499.0,UPI,Success,1,SET000865,STLREF-462784,2026-08-15,2474.01,24.99,0.0,Settled,1,None,None,No additional deductions recorded.,0.0,None,normal
ORD000866,CUST0114,2026-08-20,999,PAY000866,2026-08-20,999.0,Netbanking,Success,2,SET000866,STLREF-600305,2026-08-21,984.02,14.98,0.0,Settled,1,None,None,Multiple successful payment records are associated with this order.,0.0,None,duplicate_payment
ORD000867,CUST0035,2026-08-06,7499,PAY000867,2026-08-06,7499.0,Card,Success,1,SET000867,STLREF-810374,2026-08-07,6387.02,149.98,0.0,Settled,1,Manual Deduction,Settlement processing deduction,Manual deduction of INR 962.00 applied during settlement processing.,0.0,None,explainable_settlement_mismatch
ORD000868,CUST0242,2026-08-22,799,PAY000868,2026-08-22,799.0,Card,Success,1,SET000868,STLREF-353447,2026-08-23,616.02,15.98,0.0,Settled,1,None,None,Manual deduction of INR 167.00 applied during settlement processing.,0.0,None,conflicting_settlement_evidence
ORD000869,CUST0040,2026-08-16,7499,PAY000869,2026-08-16,7499.0,UPI,Success,1,SET000869,STLREF-911779,2026-08-17,7424.01,74.99,0.0,Settled,1,None,None,Settlement processed after standard payment processing fee.,0.0,None,processing_fee
ORD000870,CUST0278,2026-08-21,666,PAY000870,2026-08-21,666.0,UPI,Success,1,SET000870,STLREF-462443,2026-08-22,659.34,6.66,0.0,Settled,1,None,None,Settlement processed after standard payment processing fee.,0.0,None,processing_fee
ORD000871,CUST0126,2026-08-24,499,PAY000871,2026-08-24,499.0,Netbanking,Success,1,SET000871,STLREF-492822,2026-08-25,491.52,7.48,0.0,Settled,1,None,None,No additional deductions recorded.,0.0,None,normal
ORD000872,CUST0287,2026-08-28,299,PAY000872,2026-08-28,299.0,Netbanking,Success,1,SET000872,STLREF-343958,2026-08-29,294.52,4.48,0.0,Settled,1,None,None,No additional deductions recorded.,0.0,None,normal
ORD000873,CUST0214,2026-08-16,4999,PAY000873,2026-08-16,4999.0,Card,Success,1,SET000873,STLREF-246428,2026-08-17,4899.02,99.98,0.0,Settled,1,None,None,No additional deductions recorded.,0.0,None,normal
ORD000874,CUST0188,2026-08-05,499,PAY000874,2026-08-06,499.0,UPI,Success,1,SET000874,STLREF-570898,2026-08-07,494.01,4.99,0.0,Settled,1,None,None,No additional deductions recorded.,0.0,None,normal
ORD000875,CUST0219,2026-08-06,7282,PAY000875,2026-08-07,7282.0,Netbanking,Success,1,SET000875,STLREF-118168,2026-08-08,7172.77,109.23,0.0,Settled,1,None,None,No additional deductions recorded.,0.0,None,normal
ORD000876,CUST0032,2026-08-29,9396,PAY000876,2026-08-29,7734.74,UPI,Success,1,SET000876,STLREF-942693,2026-08-30,7657.39,77.35,0.0,Settled,1,None,None,Settlement amount calculated from recorded payment amount.,0.0,None,payment_amount_mismatch
ORD000877,CUST0233,2026-08-02,1499,PAY000877,2026-08-03,1499.0,UPI,Success,1,SET000877,STLREF-506562,2026-08-04,1381.01,14.99,0.0,Settled,1,None,None,No additional deductions recorded.,0.0,None,unexplainable_settlement_mismatch
ORD000878,CUST0225,2026-08-01,1499,PAY000878,2026-08-02,1499.0,Netbanking,Success,1,SET000878,STLREF-418837,2026-08-03,1476.52,22.48,0.0,Settled,1,None,None,Settlement processed after standard payment processing fee.,0.0,None,processing_fee
ORD000879,CUST0245,2026-08-09,499,PAY000879,2026-08-10,499.0,Netbanking,Success,1,SET000879,STLREF-933844,2026-08-11,491.52,7.48,0.0,Settled,1,None,None,No additional deductions recorded.,0.0,None,normal
ORD000880,CUST0022,2026-08-31,799,PAY000880,2026-08-31,799.0,UPI,Failed,1,,,,,0.0,0.0,Not Applicable,1,None,None,Payment failed. No settlement expected.,0.0,None,failed_payment
ORD000881,CUST0018,2026-08-27,2499,PAY000881,2026-08-28,2499.0,UPI,Success,1,SET000881,STLREF-143807,2026-08-29,2093.01,24.99,0.0,Settled,1,None,None,No additional deductions recorded.,0.0,None,unexplainable_settlement_mismatch
ORD000882,CUST0148,2026-08-14,799,PAY000882,2026-08-15,799.0,Wallet,Success,1,SET000882,STLREF-331032,2026-08-19,784.62,14.38,0.0,Settled,1,None,None,Settlement processed after the standard settlement window.,0.0,None,delayed_settlement
ORD000883,CUST0065,2026-08-15,11261,PAY000883,2026-08-15,11261.0,Card,Success,1,SET000883,STLREF-827612,2026-08-16,11035.78,225.22,0.0,Settled,1,None,None,No additional deductions recorded.,0.0,None,normal
ORD000884,CUST0265,2026-08-30,14318,PAY000884,2026-08-31,14318.0,Netbanking,Success,1,SET000884,STLREF-804681,2026-09-01,14103.23,214.77,0.0,Settled,1,None,None,No additional deductions recorded.,0.0,None,normal
ORD000885,CUST0243,2026-08-31,9631,PAY000885,2026-09-01,9631.0,Card,Success,1,SET000885,STLREF-805136,2026-09-02,9438.38,192.62,0.0,Settled,1,None,None,No additional deductions recorded.,0.0,None,normal
ORD000886,CUST0051,2026-08-17,1999,PAY000886,2026-08-17,1999.0,Wallet,Success,1,SET000886,STLREF-989995,2026-08-18,1963.02,35.98,0.0,Settled,1,None,None,No additional deductions recorded.,0.0,None,normal
ORD000887,CUST0044,2026-08-19,4999,PAY000887,2026-08-20,4999.0,Card,Success,1,SET000887,STLREF-628491,2026-08-21,4899.02,99.98,0.0,Settled,1,None,None,No additional deductions recorded.,0.0,None,normal
ORD000888,CUST0211,2026-08-23,2499,PAY000888,2026-08-24,2499.0,Netbanking,Success,1,SET000888,STLREF-901892,2026-08-25,2461.52,37.48,0.0,Settled,1,None,None,No additional deductions recorded.,0.0,None,normal
ORD000889,CUST0003,2026-08-19,7731,PAY000889,2026-08-20,6474.06,UPI,Success,1,SET000889,STLREF-529223,2026-08-21,6409.32,64.74,0.0,Settled,1,None,None,Settlement amount calculated from recorded payment amount.,0.0,None,payment_amount_mismatch
ORD000890,CUST0089,2026-08-31,6871,PAY000890,2026-08-31,6871.0,UPI,Success,1,SET000890,STLREF-109165,2026-09-06,6802.29,68.71,0.0,Settled,1,None,None,Settlement processed after the standard settlement window.,0.0,None,delayed_settlement
ORD000891,CUST0098,2026-08-15,8631,PAY000891,2026-08-16,8631.0,UPI,Success,1,SET000891,STLREF-324482,2026-08-17,8273.69,86.31,0.0,Settled,1,Manual Deduction,Settlement processing deduction,Manual deduction of INR 271.00 applied during settlement processing.,0.0,None,explainable_settlement_mismatch
ORD000892,CUST0285,2026-08-21,1999,PAY000892,2026-08-21,1999.0,Netbanking,Success,1,SET000892,STLREF-603661,2026-08-22,1969.02,29.98,0.0,Settled,1,None,None,No additional deductions recorded.,0.0,None,normal
ORD000893,CUST0243,2026-08-12,7499,PAY000893,2026-08-12,7499.0,Wallet,Success,1,SET000893,STLREF-795219,2026-08-13,7060.02,134.98,0.0,Settled,1,None,None,Manual deduction of INR 304.00 applied during settlement processing.,0.0,None,conflicting_settlement_evidence
ORD000894,CUST0030,2026-08-29,2999,PAY000894,2026-08-29,2999.0,UPI,Success,1,SET000894,STLREF-892655,2026-08-30,2748.01,29.99,0.0,Settled,1,None,None,No additional deductions recorded.,0.0,None,unexplainable_settlement_mismatch
ORD000895,CUST0270,2026-08-26,1499,PAY000895,2026-08-27,1499.0,UPI,Success,1,SET000895,STLREF-943947,2026-08-28,1484.01,14.99,0.0,Settled,1,None,None,No additional deductions recorded.,0.0,None,normal
ORD000896,CUST0023,2026-08-01,7499,PAY000896,2026-08-02,7499.0,Wallet,Success,1,SET000896,STLREF-711044,2026-08-03,7364.02,134.98,0.0,Settled,1,None,None,No additional deductions recorded.,0.0,None,normal
ORD000897,CUST0045,2026-08-16,7499,PAY000897,2026-08-16,6983.26,Wallet,Success,1,SET000897,STLREF-730098,2026-08-17,6857.56,125.7,0.0,Settled,1,None,None,Settlement amount calculated from recorded payment amount.,0.0,None,payment_amount_mismatch
ORD000898,CUST0096,2026-08-07,1499,PAY000898,2026-08-08,1499.0,Netbanking,Success,1,SET000898,STLREF-428115,2026-08-09,1476.52,22.48,0.0,Settled,1,None,None,No additional deductions recorded.,0.0,None,normal
ORD000899,CUST0135,2026-08-16,3999,PAY000899,2026-08-16,3999.0,Card,Success,1,SET000899,STLREF-303371,2026-08-17,3919.02,79.98,0.0,Settled,1,None,None,No additional deductions recorded.,0.0,None,normal
ORD000900,CUST0288,2026-08-08,1999,PAY000900,2026-08-08,1999.0,UPI,Success,1,SET000900,STLREF-350217,2026-08-09,1446.01,19.99,0.0,Settled,1,None,None,No additional deductions recorded.,0.0,None,unexplainable_settlement_mismatch
ORD000901,CUST0192,2026-08-31,3999,PAY000901,2026-09-01,3999.0,Card,Success,1,SET000901,STLREF-528266,2026-09-02,3919.02,79.98,0.0,Settled,1,None,None,Settlement processed after standard payment processing fee.,0.0,None,processing_fee
ORD000902,CUST0268,2026-08-06,2557,PAY000902,2026-08-06,2557.0,Netbanking,Failed,1,,,,,0.0,0.0,Not Applicable,1,None,None,Payment failed. No settlement expected.,0.0,None,failed_payment
ORD000903,CUST0268,2026-08-05,530,PAY000903,2026-08-06,530.0,UPI,Success,1,SET000903,STLREF-740747,2026-08-07,524.7,5.3,0.0,Settled,1,None,None,No additional deductions recorded.,0.0,None,normal
ORD000904,CUST0247,2026-08-12,5999,PAY000904,2026-08-12,5999.0,Netbanking,Failed,1,,,,,0.0,0.0,Not Applicable,1,None,None,Payment failed. No settlement expected.,0.0,None,failed_payment
ORD000905,CUST0263,2026-08-14,799,PAY000905,2026-08-14,799.0,Wallet,Success,1,SET000905,STLREF-918724,2026-08-15,784.62,14.38,0.0,Settled,1,None,None,No additional deductions recorded.,0.0,None,normal
ORD000906,CUST0093,2026-08-19,3999,PAY000906,2026-08-19,3999.0,Wallet,Success,1,SET000906,STLREF-486066,2026-08-22,3927.02,71.98,0.0,Settled,1,None,None,Settlement processed after the standard settlement window.,0.0,None,delayed_settlement
ORD000907,CUST0245,2026-08-17,3319,PAY000907,2026-08-17,3319.0,Wallet,Success,1,SET000907,STLREF-945098,2026-08-18,2626.26,59.74,0.0,Settled,1,None,None,No additional deductions recorded.,0.0,None,unexplainable_settlement_mismatch
ORD000908,CUST0062,2026-08-09,2499,PAY000908,2026-08-09,2499.0,Wallet,Success,1,,,,,0.0,0.0,Missing,1,None,None,No settlement record available.,0.0,None,missing_settlement
ORD000909,CUST0105,2026-08-26,999,PAY000909,2026-08-27,999.0,Netbanking,Success,1,SET000909,STLREF-609886,2026-08-28,984.02,14.98,0.0,Settled,1,None,None,No additional deductions recorded.,0.0,None,normal
ORD000910,CUST0203,2026-08-27,11363,PAY000910,2026-08-27,11363.0,Card,Success,1,SET000910,STLREF-603381,2026-08-28,11135.74,227.26,0.0,Settled,1,None,None,No additional deductions recorded.,0.0,None,normal
ORD000911,CUST0272,2026-08-30,1499,PAY000911,2026-08-30,1499.0,Wallet,Success,1,SET000911,STLREF-764795,2026-08-31,1472.02,26.98,0.0,Settled,1,None,None,No additional deductions recorded.,0.0,None,normal
ORD000912,CUST0290,2026-08-20,299,PAY000912,2026-08-21,299.0,UPI,Success,1,SET000912,STLREF-235764,2026-08-22,296.01,2.99,0.0,Settled,1,None,None,No additional deductions recorded.,0.0,None,normal
ORD000913,CUST0070,2026-08-07,1999,PAY000913,2026-08-07,1999.0,UPI,Success,1,SET000913,STLREF-155119,2026-08-08,1398.01,19.99,0.0,Settled,1,Manual Deduction,Settlement processing deduction,Manual deduction of INR 581.00 applied during settlement processing.,0.0,None,explainable_settlement_mismatch
ORD000914,CUST0065,2026-08-12,299,PAY000914,2026-08-13,299.0,UPI,Success,1,SET000914,STLREF-734568,2026-08-14,296.01,2.99,0.0,Settled,1,None,None,No additional deductions recorded.,0.0,None,normal
ORD000915,CUST0131,2026-08-04,11874,PAY000915,2026-08-04,11874.0,Card,Success,1,SET000915,STLREF-298228,2026-08-05,11636.52,237.48,0.0,Settled,1,None,None,Settlement processed after standard payment processing fee.,0.0,None,processing_fee
ORD000916,CUST0203,2026-08-19,5999,PAY000916,2026-08-20,5999.0,Card,Success,1,SET000916,STLREF-324530,2026-08-21,4978.02,119.98,0.0,Settled,1,Manual Deduction,Settlement processing deduction,Manual deduction of INR 901.00 applied during settlement processing.,0.0,None,explainable_settlement_mismatch
ORD000917,CUST0011,2026-08-11,5562,PAY000917,2026-08-12,5562.0,Wallet,Success,1,SET000917,STLREF-194468,2026-08-13,5461.88,100.12,0.0,Settled,1,None,None,No additional deductions recorded.,0.0,None,normal
ORD000918,CUST0258,2026-08-15,7499,PAY000918,2026-08-15,7499.0,Wallet,Success,1,,,,,0.0,0.0,Missing,1,None,None,No settlement record available.,0.0,None,missing_settlement
ORD000919,CUST0072,2026-08-13,2050,PAY000919,2026-08-13,2050.0,Netbanking,Success,1,SET000919,STLREF-322245,2026-08-14,2019.25,30.75,0.0,Settled,1,None,None,No additional deductions recorded.,0.0,None,normal
ORD000920,CUST0208,2026-08-23,12004,PAY000920,2026-08-24,12004.0,UPI,Success,1,SET000920,STLREF-771270,2026-08-25,11883.96,120.04,0.0,Settled,1,None,None,No additional deductions recorded.,0.0,None,normal
ORD000921,CUST0110,2026-08-22,5999,PAY000921,2026-08-23,5999.0,Netbanking,Success,1,SET000921,STLREF-667887,2026-08-24,5909.02,89.98,0.0,Settled,1,None,None,No additional deductions recorded.,0.0,None,normal
ORD000922,CUST0086,2026-08-04,799,PAY000922,2026-08-04,799.0,Wallet,Success,1,SET000922,STLREF-379487,2026-08-05,784.62,14.38,0.0,Settled,1,None,None,No additional deductions recorded.,0.0,None,normal
ORD000923,CUST0038,2026-08-26,2462,PAY000923,2026-08-27,2462.0,UPI,Success,1,SET000923,STLREF-885973,2026-08-28,2437.38,24.62,0.0,Settled,1,None,None,No additional deductions recorded.,0.0,None,normal
ORD000924,CUST0088,2026-08-22,4999,PAY000924,2026-08-22,4999.0,UPI,Success,1,SET000924,STLREF-688836,2026-08-23,4949.01,49.99,0.0,Settled,1,None,None,No additional deductions recorded.,0.0,None,normal
ORD000925,CUST0244,2026-08-28,5999,PAY000925,2026-08-28,5999.0,Netbanking,Success,1,SET000925,STLREF-613289,2026-08-29,5421.02,89.98,0.0,Settled,1,None,None,No additional deductions recorded.,0.0,None,unexplainable_settlement_mismatch
ORD000926,CUST0118,2026-08-07,13914,PAY000926,2026-08-07,13914.0,Netbanking,Success,1,SET000926,STLREF-858887,2026-08-08,13705.29,208.71,0.0,Settled,1,None,None,No additional deductions recorded.,0.0,None,normal
ORD000927,CUST0139,2026-08-13,3562,PAY000927,2026-08-13,3562.0,UPI,Success,1,SET000927,STLREF-115593,2026-08-14,3526.38,35.62,0.0,Settled,1,None,None,No additional deductions recorded.,0.0,None,normal
ORD000928,CUST0208,2026-08-12,5999,PAY000928,2026-08-13,5999.0,Card,Failed,1,,,,,0.0,0.0,Not Applicable,1,None,None,Payment failed. No settlement expected.,0.0,None,failed_payment
ORD000929,CUST0100,2026-08-10,7499,PAY000929,2026-08-11,7499.0,UPI,Success,1,SET000929,STLREF-449464,2026-08-12,7424.01,74.99,0.0,Settled,1,None,None,No additional deductions recorded.,0.0,None,normal
ORD000930,CUST0091,2026-08-11,1999,PAY000930,2026-08-12,1999.0,Netbanking,Success,1,SET000930,STLREF-162187,2026-08-13,1969.02,29.98,0.0,Settled,1,None,None,No additional deductions recorded.,0.0,None,normal
ORD000931,CUST0063,2026-08-24,1989,PAY000931,2026-08-24,1989.0,Netbanking,Success,1,SET000931,STLREF-805553,2026-08-25,1959.17,29.83,0.0,Settled,1,None,None,No additional deductions recorded.,0.0,None,normal
ORD000932,CUST0257,2026-08-16,1499,PAY000932,2026-08-16,1499.0,Netbanking,Success,1,SET000932,STLREF-880182,2026-08-17,1476.52,22.48,0.0,Settled,1,None,None,No additional deductions recorded.,0.0,None,normal
ORD000933,CUST0014,2026-08-14,1444,PAY000933,2026-08-14,1444.0,Wallet,Success,1,SET000933,STLREF-482123,2026-08-15,1418.01,25.99,0.0,Settled,1,None,None,No additional deductions recorded.,0.0,None,normal
ORD000934,CUST0075,2026-08-14,1499,PAY000934,2026-08-15,1499.0,Card,Success,1,SET000934,STLREF-483265,2026-08-16,1469.02,29.98,0.0,Settled,1,None,None,Settlement processed after standard payment processing fee.,0.0,None,processing_fee
ORD000935,CUST0148,2026-08-23,2999,PAY000935,2026-08-24,2999.0,Card,Success,1,SET000935,STLREF-865428,2026-08-25,2400.02,59.98,0.0,Settled,1,Manual Deduction,Settlement processing deduction,Manual deduction of INR 539.00 applied during settlement processing.,0.0,None,explainable_settlement_mismatch
ORD000936,CUST0209,2026-08-05,5999,PAY000936,2026-08-05,5999.0,UPI,Success,1,SET000936,STLREF-776729,2026-08-06,5939.01,59.99,0.0,Settled,1,None,None,No additional deductions recorded.,0.0,None,normal
ORD000937,CUST0192,2026-08-12,499,PAY000937,2026-08-13,499.0,Netbanking,Success,1,SET000937,STLREF-371883,2026-08-14,491.52,7.48,0.0,Settled,1,None,None,Settlement processed after standard payment processing fee.,0.0,None,processing_fee
ORD000938,CUST0246,2026-08-30,4999,PAY000938,2026-08-31,4999.0,Netbanking,Success,1,SET000938,STLREF-310400,2026-09-01,4924.02,74.98,0.0,Settled,1,None,None,No additional deductions recorded.,0.0,None,normal
ORD000939,CUST0173,2026-08-18,2999,PAY000939,2026-08-19,2999.0,Netbanking,Success,1,SET000939,STLREF-142785,2026-08-24,2954.02,44.98,0.0,Settled,1,None,None,Settlement processed after the standard settlement window.,0.0,None,delayed_settlement
ORD000940,CUST0236,2026-08-05,4755,PAY000940,2026-08-05,4755.0,UPI,Success,1,SET000940,STLREF-129333,2026-08-06,4707.45,47.55,0.0,Settled,1,None,None,Settlement processed after standard payment processing fee.,0.0,None,processing_fee
ORD000941,CUST0108,2026-08-25,1999,PAY000941,2026-08-25,1999.0,UPI,Success,1,SET000941,STLREF-959893,2026-08-26,1570.01,19.99,0.0,Settled,1,None,None,No additional deductions recorded.,0.0,None,unexplainable_settlement_mismatch
ORD000942,CUST0169,2026-08-29,499,PAY000942,2026-08-29,499.0,Wallet,Success,1,SET000942,STLREF-907188,2026-08-30,490.02,8.98,0.0,Settled,1,None,None,No additional deductions recorded.,0.0,None,normal
ORD000943,CUST0264,2026-08-17,4999,PAY000943,2026-08-17,4999.0,Wallet,Success,1,SET000943,STLREF-340046,2026-08-18,4909.02,89.98,0.0,Settled,1,None,None,No additional deductions recorded.,0.0,None,normal
ORD000944,CUST0285,2026-08-23,2499,PAY000944,2026-08-24,2499.0,UPI,Success,1,SET000944,STLREF-977765,2026-08-30,2474.01,24.99,0.0,Settled,1,None,None,Settlement processed after the standard settlement window.,0.0,None,delayed_settlement
ORD000945,CUST0028,2026-08-01,499,PAY000945,2026-08-02,499.0,Netbanking,Success,1,SET000945,STLREF-931256,2026-08-03,491.52,7.48,0.0,Settled,1,None,None,Settlement processed after standard payment processing fee.,0.0,None,processing_fee
ORD000946,CUST0271,2026-08-05,9999,PAY000946,2026-08-06,9999.0,Wallet,Success,1,SET000946,STLREF-130881,2026-08-12,9819.02,179.98,0.0,Settled,1,None,None,Settlement processed after the standard settlement window.,0.0,None,delayed_settlement
ORD000947,CUST0020,2026-08-31,9999,PAY000947,2026-09-01,9999.0,Netbanking,Success,1,,,,,0.0,0.0,Missing,1,None,None,No settlement record available.,0.0,None,missing_settlement
ORD000948,CUST0074,2026-08-08,14834,PAY000948,2026-08-09,14834.0,Wallet,Success,1,SET000948,STLREF-408276,2026-08-10,14566.99,267.01,0.0,Settled,1,None,None,No additional deductions recorded.,0.0,None,normal
ORD000949,CUST0169,2026-08-25,7499,PAY000949,2026-08-25,7499.0,Netbanking,Success,1,SET000949,STLREF-150854,2026-08-26,7386.52,112.48,0.0,Settled,1,None,None,No additional deductions recorded.,0.0,None,normal
ORD000950,CUST0253,2026-08-31,499,PAY000950,2026-09-01,499.0,Wallet,Success,2,SET000950,STLREF-837028,2026-09-02,490.02,8.98,0.0,Settled,1,None,None,Multiple successful payment records are associated with this order.,0.0,None,duplicate_payment
ORD000951,CUST0283,2026-08-09,799,PAY000951,2026-08-10,799.0,Card,Success,1,SET000951,STLREF-688610,2026-08-11,783.02,15.98,0.0,Settled,1,None,None,No additional deductions recorded.,0.0,None,normal
ORD000952,CUST0038,2026-08-08,1481,PAY000952,2026-08-09,1481.0,Card,Success,1,SET000952,STLREF-197272,2026-08-10,1451.38,29.62,0.0,Settled,1,None,None,Settlement processed after standard payment processing fee.,0.0,None,processing_fee
ORD000953,CUST0032,2026-08-22,1999,PAY000953,2026-08-22,1999.0,Netbanking,Success,1,SET000953,STLREF-408357,2026-08-23,1766.02,29.98,0.0,Settled,1,None,None,No additional deductions recorded.,0.0,None,unexplainable_settlement_mismatch
ORD000954,CUST0025,2026-08-03,4999,PAY000954,2026-08-04,4999.0,Wallet,Success,1,SET000954,STLREF-874322,2026-08-05,4909.02,89.98,0.0,Settled,1,None,None,No additional deductions recorded.,0.0,None,normal
ORD000955,CUST0115,2026-08-11,1499,PAY000955,2026-08-12,1404.57,UPI,Success,1,SET000955,STLREF-640243,2026-08-13,1390.52,14.05,0.0,Settled,1,None,None,Settlement amount calculated from recorded payment amount.,0.0,None,payment_amount_mismatch
ORD000956,CUST0057,2026-08-23,299,PAY000956,2026-08-23,299.0,Wallet,Success,1,,,,,0.0,0.0,Missing,1,None,None,No settlement record available.,0.0,None,missing_settlement
ORD000957,CUST0284,2026-08-01,7499,PAY000957,2026-08-02,7499.0,Netbanking,Success,1,SET000957,STLREF-188328,2026-08-03,7386.52,112.48,0.0,Settled,1,None,None,No additional deductions recorded.,0.0,None,normal
ORD000958,CUST0131,2026-08-12,1499,PAY000958,2026-08-12,1499.0,Card,Success,1,SET000958,STLREF-967703,2026-08-13,1469.02,29.98,0.0,Settled,1,None,None,No additional deductions recorded.,0.0,None,normal
ORD000959,CUST0083,2026-08-09,999,PAY000959,2026-08-09,999.0,Netbanking,Failed,1,,,,,0.0,0.0,Not Applicable,1,None,None,Payment failed. No settlement expected.,0.0,None,failed_payment
ORD000960,CUST0072,2026-08-15,999,PAY000960,2026-08-16,999.0,Wallet,Success,1,SET000960,STLREF-390130,2026-08-17,745.02,17.98,0.0,Settled,1,None,None,Manual deduction of INR 236.00 applied during settlement processing.,0.0,None,conflicting_settlement_evidence
ORD000961,CUST0198,2026-08-28,499,PAY000961,2026-08-28,499.0,Wallet,Success,1,SET000961,STLREF-407572,2026-09-02,490.02,8.98,0.0,Settled,1,None,None,Settlement processed after the standard settlement window.,0.0,None,delayed_settlement
ORD000962,CUST0189,2026-08-23,12647,PAY000962,2026-08-24,12647.0,Wallet,Success,1,SET000962,STLREF-641208,2026-08-25,12419.35,227.65,0.0,Settled,1,None,None,No additional deductions recorded.,0.0,None,normal
ORD000963,CUST0244,2026-08-24,499,PAY000963,2026-08-24,499.0,Card,Success,1,SET000963,STLREF-565123,2026-08-25,489.02,9.98,0.0,Settled,1,None,None,No additional deductions recorded.,0.0,None,normal
ORD000964,CUST0227,2026-08-18,11232,PAY000964,2026-08-19,11232.0,Wallet,Success,1,SET000964,STLREF-351829,2026-08-20,10639.82,202.18,0.0,Settled,1,None,None,Manual deduction of INR 390.00 applied during settlement processing.,0.0,None,conflicting_settlement_evidence
ORD000965,CUST0021,2026-08-14,3263,PAY000965,2026-08-14,3263.0,Netbanking,Success,1,,,,,0.0,0.0,Missing,1,None,None,No settlement record available.,0.0,None,missing_settlement
ORD000966,CUST0013,2026-08-16,1499,PAY000966,2026-08-16,1499.0,UPI,Success,1,SET000966,STLREF-173496,2026-08-17,1484.01,14.99,0.0,Settled,1,None,None,No additional deductions recorded.,0.0,None,normal
ORD000967,CUST0165,2026-08-10,4999,PAY000967,2026-08-10,4999.0,UPI,Success,1,,,,,0.0,0.0,Missing,1,None,None,No settlement record available.,0.0,None,missing_settlement
ORD000968,CUST0105,2026-08-17,4999,PAY000968,2026-08-17,4999.0,Card,Success,1,SET000968,STLREF-683019,2026-08-18,4899.02,99.98,0.0,Settled,1,None,None,No additional deductions recorded.,0.0,None,normal
ORD000969,CUST0274,2026-08-05,9999,PAY000969,2026-08-05,9999.0,Card,Success,1,SET000969,STLREF-597897,2026-08-11,9799.02,199.98,0.0,Settled,1,None,None,Settlement processed after the standard settlement window.,0.0,None,delayed_settlement
ORD000970,CUST0206,2026-08-02,2296,PAY000970,2026-08-03,2296.0,Card,Success,1,,,,,0.0,0.0,Missing,1,None,None,No settlement record available.,0.0,None,missing_settlement
ORD000971,CUST0106,2026-08-16,1999,PAY000971,2026-08-17,1999.0,Netbanking,Success,1,SET000971,STLREF-543768,2026-08-18,1860.02,29.98,0.0,Settled,1,None,None,No additional deductions recorded.,0.0,None,unexplainable_settlement_mismatch
ORD000972,CUST0166,2026-08-06,3999,PAY000972,2026-08-06,3660.89,Netbanking,Success,1,SET000972,STLREF-183503,2026-08-07,3605.98,54.91,0.0,Settled,1,None,None,Settlement amount calculated from recorded payment amount.,0.0,None,payment_amount_mismatch
ORD000973,CUST0190,2026-08-07,9483,PAY000973,2026-08-07,9483.0,UPI,Success,1,SET000973,STLREF-131783,2026-08-08,9388.17,94.83,0.0,Settled,1,None,None,No additional deductions recorded.,0.0,None,normal
ORD000974,CUST0132,2026-08-17,1999,PAY000974,2026-08-17,1999.0,Card,Success,1,SET000974,STLREF-546442,2026-08-18,1959.02,39.98,0.0,Settled,1,None,None,No additional deductions recorded.,0.0,None,normal
ORD000975,CUST0044,2026-08-30,11494,PAY000975,2026-08-30,11494.0,Card,Success,1,SET000975,STLREF-746186,2026-08-31,11264.12,229.88,0.0,Settled,1,None,None,Settlement processed after standard payment processing fee.,0.0,None,processing_fee
ORD000976,CUST0105,2026-08-01,1999,PAY000976,2026-08-02,1999.0,Card,Success,1,SET000976,STLREF-116794,2026-08-03,1616.02,39.98,0.0,Settled,1,Manual Deduction,Settlement processing deduction,Manual deduction of INR 343.00 applied during settlement processing.,0.0,None,explainable_settlement_mismatch
ORD000977,CUST0278,2026-08-10,6970,PAY000977,2026-08-11,6970.0,UPI,Success,1,SET000977,STLREF-492949,2026-08-12,6900.3,69.7,0.0,Settled,1,None,None,No additional deductions recorded.,0.0,None,normal
ORD000978,CUST0272,2026-08-24,2999,PAY000978,2026-08-25,2999.0,UPI,Success,2,SET000978,STLREF-980974,2026-08-26,2969.01,29.99,0.0,Settled,1,None,None,Multiple successful payment records are associated with this order.,0.0,None,duplicate_payment
ORD000979,CUST0130,2026-08-09,1499,PAY000979,2026-08-10,1499.0,UPI,Success,1,SET000979,STLREF-698320,2026-08-13,1484.01,14.99,0.0,Settled,1,None,None,Settlement processed after the standard settlement window.,0.0,None,delayed_settlement
ORD000980,CUST0011,2026-08-12,999,PAY000980,2026-08-13,999.0,UPI,Success,1,SET000980,STLREF-320607,2026-08-14,726.01,9.99,0.0,Settled,1,None,None,No additional deductions recorded.,0.0,None,unexplainable_settlement_mismatch
ORD000981,CUST0105,2026-08-25,499,PAY000981,2026-08-25,499.0,Wallet,Success,1,,,,,0.0,0.0,Missing,1,None,None,No settlement record available.,0.0,None,missing_settlement
ORD000982,CUST0063,2026-08-23,8773,PAY000982,2026-08-24,8773.0,UPI,Success,1,SET000982,STLREF-828052,2026-08-25,8685.27,87.73,0.0,Settled,1,None,None,Settlement processed after standard payment processing fee.,0.0,None,processing_fee
ORD000983,CUST0115,2026-08-28,9999,PAY000983,2026-08-29,9999.0,Wallet,Success,1,SET000983,STLREF-660269,2026-08-30,9819.02,179.98,0.0,Settled,1,None,None,No additional deductions recorded.,0.0,None,normal
ORD000984,CUST0299,2026-08-09,3999,PAY000984,2026-08-10,3999.0,Card,Success,1,SET000984,STLREF-674478,2026-08-11,3919.02,79.98,0.0,Settled,1,None,None,No additional deductions recorded.,0.0,None,normal
ORD000985,CUST0255,2026-08-10,2499,PAY000985,2026-08-11,2100.25,Wallet,Success,1,SET000985,STLREF-310259,2026-08-12,2062.45,37.8,0.0,Settled,1,None,None,Settlement amount calculated from recorded payment amount.,0.0,None,payment_amount_mismatch
ORD000986,CUST0063,2026-08-22,1999,PAY000986,2026-08-23,1999.0,UPI,Success,1,SET000986,STLREF-397427,2026-08-24,1979.01,19.99,0.0,Settled,1,None,None,No additional deductions recorded.,0.0,None,normal
ORD000987,CUST0133,2026-08-11,2999,PAY000987,2026-08-12,2999.0,UPI,Success,1,SET000987,STLREF-562648,2026-08-13,2969.01,29.99,0.0,Settled,1,None,None,No additional deductions recorded.,0.0,None,normal
ORD000988,CUST0274,2026-08-19,9999,PAY000988,2026-08-19,9999.0,Netbanking,Success,1,SET000988,STLREF-367793,2026-08-20,9849.02,149.98,0.0,Settled,1,None,None,No additional deductions recorded.,0.0,None,normal
ORD000989,CUST0215,2026-08-31,10595,PAY000989,2026-08-31,10595.0,Card,Success,1,SET000989,STLREF-921315,2026-09-01,10383.1,211.9,0.0,Settled,1,None,None,No additional deductions recorded.,0.0,None,normal
ORD000990,CUST0254,2026-08-09,1999,PAY000990,2026-08-10,1999.0,UPI,Success,1,SET000990,STLREF-907094,2026-08-11,1979.01,19.99,0.0,Settled,1,None,None,No additional deductions recorded.,0.0,None,normal
ORD000991,CUST0289,2026-08-22,10918,PAY000991,2026-08-23,10918.0,Card,Success,1,SET000991,STLREF-190681,2026-08-24,10699.64,218.36,0.0,Settled,1,None,None,Settlement processed after standard payment processing fee.,0.0,None,processing_fee
ORD000992,CUST0098,2026-08-13,14287,PAY000992,2026-08-13,14287.0,Netbanking,Success,1,SET000992,STLREF-551414,2026-08-14,14072.7,214.3,0.0,Settled,1,None,None,No additional deductions recorded.,0.0,None,normal
ORD000993,CUST0265,2026-08-22,6361,PAY000993,2026-08-23,6361.0,Netbanking,Success,1,SET000993,STLREF-889796,2026-08-24,5548.59,95.41,0.0,Settled,1,None,None,No additional deductions recorded.,0.0,None,unexplainable_settlement_mismatch
ORD000994,CUST0111,2026-08-06,799,PAY000994,2026-08-06,799.0,Netbanking,Success,1,SET000994,STLREF-894300,2026-08-07,787.02,11.98,0.0,Settled,1,None,None,No additional deductions recorded.,0.0,None,normal
ORD000995,CUST0011,2026-08-27,3999,PAY000995,2026-08-27,3473.47,Wallet,Success,1,SET000995,STLREF-441658,2026-08-28,3410.95,62.52,0.0,Settled,1,None,None,Settlement amount calculated from recorded payment amount.,0.0,None,payment_amount_mismatch
ORD000996,CUST0129,2026-08-11,499,PAY000996,2026-08-11,499.0,Netbanking,Success,1,SET000996,STLREF-941137,2026-08-12,491.52,7.48,0.0,Settled,1,None,None,No additional deductions recorded.,0.0,None,normal
ORD000997,CUST0220,2026-08-02,4999,PAY000997,2026-08-03,4999.0,Card,Success,1,SET000997,STLREF-839708,2026-08-04,4899.02,99.98,0.0,Settled,1,None,None,No additional deductions recorded.,0.0,None,normal
ORD000998,CUST0168,2026-08-11,3891,PAY000998,2026-08-11,3891.0,Wallet,Success,1,SET000998,STLREF-995924,2026-08-12,3820.96,70.04,0.0,Settled,1,None,None,Settlement processed after standard payment processing fee.,0.0,None,processing_fee
ORD000999,CUST0057,2026-08-31,5999,PAY000999,2026-09-01,5999.0,Wallet,Success,1,SET000999,STLREF-681667,2026-09-02,5891.02,107.98,0.0,Settled,1,None,None,No additional deductions recorded.,0.0,None,normal
ORD001000,CUST0193,2026-08-04,5999,PAY001000,2026-08-05,5999.0,Wallet,Success,2,SET001000,STLREF-845805,2026-08-06,5891.02,107.98,0.0,Settled,1,None,None,Multiple successful payment records are associated with this order.,0.0,None,duplicate_payment
